id,domain,status,purchase_price,renewal_price,attractiveness,demand,length,registrar,created_at,expires_at,status_verified_at
58509ad3-3305-4c85-bb0a-e7044a8be1f6,pangolin.miami,available,23.49,23.49,medium,low,8,namesilo,,,19/09/2026 12:39
5398ade2-d1b0-4985-9cf6-9482e42a7ec2,registry.miami,premium,242,21.24,high,medium,8,namesilo,,,29/09/2026 07:58
fed4848c-38c1-4b71-ab18-461210f2cc20,evelyn.miami,premium,47.2,21.24,high,low,6,namesilo,,,25/09/2026 14:39
98f3f8b1-a449-4fae-b4a5-dcfdf8427b57,andover.miami,available,23.49,23.49,high,low,7,namesilo,,,27/09/2026 18:38
f2fdfa76-ddc2-4c26-8903-bb4b11d99246,coke.miami,premium,2660,21.24,high,low,4,namesilo,,,27/09/2026 03:32
d2bd0c13-55ca-44be-a550-c8067473a4f8,benumb.miami,available,23.49,23.49,medium,low,6,namesilo,,,03/09/2026 22:47
84013e6d-2d93-48f4-9c9e-a50ea0aad713,intuitive.miami,premium,40.5,21.24,high,low,9,unstoppable,,,01/10/2026 15:52
83304b70-001b-47c0-83eb-f579a81b275a,abruptly.miami,available,30.99,30.99,medium,low,8,name.com,,,13/08/2026 19:17
aadd6392-180e-49d9-86ba-2f1b3c85e196,encouraging.miami,available,18.88,18.88,high,low,11,spaceship,,,01/10/2026 06:18
6ecb1888-0c87-45d9-938b-541e7b1f2c68,baronage.miami,available,24.98,30.98,medium,low,8,namecheap,,,22/09/2026 07:18
e30ecb83-7fe6-4167-94bd-fa035dc25405,expeditions.miami,available,23.49,23.49,medium,low,11,namesilo,,,01/10/2026 17:33
134ad536-6a15-4890-b61a-6af57ec81fdc,beverley.miami,premium,52,23.4,medium,low,8,namecheap,,,29/09/2026 00:09
d4905e81-b846-4bc0-a0c4-27fba677fb24,playful.miami,premium,52,23.4,high,low,7,namecheap,,,08/09/2026 20:58
a3de0e62-63e7-4c04-8240-ae477d3a3641,modesty.miami,available,18.88,18.88,high,low,7,spaceship,,,30/09/2026 04:51
e207981d-1604-438e-942a-5258ecffd561,getaways.miami,premium,104,23.4,medium,low,8,namecheap,,,20/09/2026 18:37
83b64331-0526-4b54-a27e-055dfee80610,abwatt.miami,available,24.98,30.98,medium,low,6,namecheap,,,16/09/2026 19:39
d75ba456-d8b7-4874-9d82-75a875e563ce,powdery.miami,available,23.49,23.49,medium,low,7,namesilo,,,18/08/2026 04:39
601bdc1d-777a-4e60-b148-d04bedb5535c,lithium.miami,available,23.49,23.49,high,low,7,namesilo,,,23/08/2026 00:43
5a5b3569-5374-41b2-a36a-0ebb2180d9dc,joyner.miami,available,18.88,18.88,high,low,6,spaceship,,,01/10/2026 23:33
63dde896-7e46-424c-88b3-4355394c6583,amain.miami,available,24.98,30.98,medium,low,5,namecheap,,,13/09/2026 19:25
cc58f212-ea0e-4c2c-8fd2-fbcf5c5ddcbd,unworried.miami,available,24.98,30.98,medium,low,9,namecheap,,,11/08/2026 19:03
c79a26bc-7727-4950-ac2c-cd2936d56bf7,pest.miami,premium,52,23.4,medium,low,4,namecheap,,,28/09/2026 18:26
cfd28ba4-779f-4a12-8eee-cceff966f2f7,stomachic.miami,available,23.49,23.49,medium,low,9,namesilo,,,18/08/2026 20:37
9e3051eb-6276-448a-9283-eb00b0981568,formidable.miami,available,23.49,23.49,high,low,10,namesilo,,,18/08/2026 12:12
92429553-1f12-4d40-ba9d-616dcc324c3d,spotless.miami,available,23.49,23.49,high,low,8,namesilo,,,21/08/2026 20:48
012a5742-2278-4888-b905-aed58280147a,platypus.miami,available,23.49,23.49,high,low,8,namesilo,,,25/09/2026 00:17
e68a7fce-fd88-4224-8581-1780b7e6ba3c,ofc.miami,premium,41.6,18.83,medium,low,3,spaceship,,,29/09/2026 03:35
7bbaf577-7b3e-481d-b704-389bbd29225f,blackened.miami,available,23.49,23.49,medium,low,9,namesilo,,,10/08/2026 11:47
9cd49173-5205-4996-a590-b5e781000a5f,toxicology.miami,available,23.49,23.49,high,low,10,namesilo,,,01/10/2026 21:59
85ab3802-c91c-4d45-b857-be447a8f3c61,emo.miami,premium,47.2,21.24,high,low,3,namesilo,,,01/10/2026 04:45
e2efb2ae-15dc-44f3-a4e9-285c2a4027ab,microbial.miami,available,23.49,23.49,medium,low,9,namesilo,,,08/09/2026 09:41
8add5a4d-ad47-4a6a-949e-2f519a37cdf3,catholic.miami,available,23.49,23.49,high,low,8,namesilo,,,11/08/2026 22:01
d7355094-caaf-48a9-bef7-0623f9d4787c,touching.miami,available,23.49,23.49,high,low,8,namesilo,,,
f9b0d85d-5b55-48a2-b516-74a52b0779a3,ctv.miami,premium,52,23.4,high,low,3,namecheap,,,01/10/2026 22:19
7aa8b0c5-cbc5-4ecc-a11c-27dda5260393,sown.miami,premium,47.2,21.24,high,medium,4,namesilo,,,10/09/2026 15:01
49948aa5-99e7-461f-9a0d-506678627805,concoct.miami,available,18.2,18.2,high,low,7,cloudflare,,,30/09/2026 17:42
14ec2054-de8e-4b63-adb0-7e98167c2774,nourishment.miami,available,18.88,18.88,high,low,11,spaceship,,,30/09/2026 22:35
13b9877c-6fc7-4da1-aa2c-06db11469608,devised.miami,available,23.49,23.49,low,low,7,namesilo,,,29/09/2026 16:34
23be3ee5-d057-4140-ba44-b97341036231,dashed.miami,available,30.99,30.99,medium,low,6,name.com,,,13/08/2026 18:27
cec0f87d-a168-4c91-a666-b0819c82c25f,file.miami,premium,260,23.4,high,medium,4,namecheap,,,24/09/2026 21:00
e445d0ce-850f-4037-85e4-f2c6281ff42c,caviar.miami,resell,,,high,low,6,,,,01/10/2026 18:55
fe0c9485-c8ea-4410-8f97-253dc00f037c,hind.miami,premium,47.2,21.24,medium,low,4,namesilo,,,21/08/2026 09:26
46c77b1e-1496-4707-a569-74cf613fcc17,nix.miami,premium,96,21.24,high,low,3,namesilo,,,03/09/2026 22:30
886934bd-ac58-4484-b8c9-e132a8cc38dc,amyl.miami,premium,47.2,21.24,medium,low,4,namesilo,,,19/09/2026 00:29
34011fdd-ed95-4812-8a60-bcd1aaba7a07,canonized.miami,available,23.49,23.49,medium,low,9,namesilo,,,11/08/2026 17:25
b323ea67-288d-4671-92ac-884734fe9ac9,stallion.miami,available,23.49,23.49,high,low,8,namesilo,,,24/09/2026 14:09
0a8d798d-336a-4f24-b870-a49a80c8e4b6,recession.miami,premium,52,23.4,high,low,9,namecheap,,,27/09/2026 10:55
4bf2c945-1365-492f-8d31-9cd2827efde7,lucullan.miami,available,23.49,23.49,medium,low,8,namesilo,,,24/08/2026 11:00
29f9dea4-23e3-4892-b0a4-6477d8dcaf9b,lashing.miami,available,24.98,30.98,medium,low,7,namecheap,,,22/08/2026 20:10
023af260-7ede-4eba-a991-865cd2e2b047,disarmer.miami,available,23.49,23.49,medium,low,8,namesilo,,,04/09/2026 22:39
ca58bf65-02b6-4fe0-94a5-324b7b4423bf,whiney.miami,available,23.49,23.49,medium,low,6,namesilo,,,09/09/2026 08:35
e3a6a668-1a75-4c67-b4dc-4c350b8056ce,clarissa.miami,premium,,,medium,low,8,,,,29/09/2026 21:24
c913bb0b-f762-4a78-b52b-9fcae3a5793b,bring.miami,premium,47.2,21.24,high,low,5,namesilo,,,25/09/2026 05:59
dfbdaddc-b22e-4d7f-9731-8e8d61fd9bdf,loiter.miami,available,23.49,23.49,medium,low,6,namesilo,,,11/09/2026 08:23
7bff23a4-ba3e-47fe-a842-a950ee8b088a,falkland.miami,available,18.88,18.88,medium,low,8,spaceship,,,28/09/2026 12:09
d29446c5-6177-42e9-9aa8-971d66e05427,cheesecakes.miami,available,23.49,23.49,medium,low,11,namesilo,,,08/09/2026 07:37
7d0dafba-2c96-4ef6-86a2-851adc7375ee,australian.miami,available,24.98,30.98,high,low,10,namecheap,,,22/09/2026 13:30
69faa4c4-ab92-4dbf-a613-b2b0f25eab0f,hawks.miami,available,18.2,18.2,medium,low,5,cloudflare,,,28/09/2026 22:17
e2d25c00-0dd0-4535-b020-9d6f59464250,nutrients.miami,available,23.49,23.49,medium,low,9,namesilo,,,21/09/2026 00:14
ae0c4c4a-f76c-43b0-8233-8c29348b1346,focuses.miami,available,23.49,23.49,medium,low,7,namesilo,,,20/09/2026 21:43
26ca5aab-b7cb-4f6a-9c61-e360129e548c,frankish.miami,available,23.49,23.49,medium,low,8,namesilo,,,18/08/2026 14:14
1b782daa-e475-40ea-a6c5-69c45060269a,incorporated.miami,available,24.5,,high,low,12,unstoppable,,,28/09/2026 22:28
768c557c-8a06-450b-8842-a830a2037f3d,alter.miami,available,18.88,18.88,high,low,5,spaceship,,,28/09/2026 08:03
a5dd2fe1-fd11-481c-a8f3-8c826d8c1dbb,biochemist.miami,available,23.49,23.49,high,low,10,namesilo,,,23/09/2026 17:44
8ffac0e8-5b70-4ca8-999a-0113338eb586,valentina.miami,premium,,,high,low,9,,,,30/09/2026 21:18
93355c49-ceab-46fa-b367-0fe7fcf6af45,stephenson.miami,premium,47.2,21.24,medium,low,10,namesilo,,,25/09/2026 06:30
5aa7322e-3a0f-43b7-8946-204f63b5f915,freddie.miami,premium,52,23.4,high,low,7,namecheap,,,26/09/2026 03:15
8eee6ab9-f5f9-4f26-964a-554106e8ef7b,lordly.miami,available,23.49,23.49,medium,low,6,namesilo,,,07/08/2026 17:05
483517d6-43cb-489e-b302-1b2af9e0534e,reformer.miami,available,23.49,23.49,high,low,8,namesilo,,,19/09/2026 15:23
6cee857b-d0f0-4fba-ba7c-340f1425ab23,hemorrhage.miami,available,23.49,23.49,medium,low,10,namesilo,,,24/09/2026 05:28
65938bc2-0aed-48b7-8594-9b2d90f72210,weighty.miami,available,23.49,23.49,medium,low,7,namesilo,,,12/08/2026 15:37
55d6d946-34c5-455d-891d-3334998db548,polyatomic.miami,available,23.49,23.49,medium,low,10,namesilo,,,08/09/2026 23:10
af756071-c6d6-47f5-bbb3-1f7b1ca216c7,largely.miami,available,19.48,19.48,medium,low,7,dynadot,,,28/09/2026 14:55
9acdcd2c-bd24-4d8d-ba77-459e7c8fc3e3,boiling.miami,available,23.49,23.49,high,low,7,namesilo,,,14/09/2026 00:51
0ac87535-f409-4585-bbda-600076648038,rabies.miami,available,24.5,,medium,low,6,unstoppable,,,29/09/2026 19:34
655a61f4-20d1-4c72-9b4e-a2eaf344b15e,arch.miami,premium,47.2,21.24,high,medium,4,namesilo,,,22/09/2026 07:38
3b0f509d-9de3-4989-a44f-174468e65324,abingdon.miami,available,23.49,23.49,medium,low,8,namesilo,,,28/09/2026 22:10
2de97f4a-0ca3-45fe-96d1-0016067ee567,helsinki.miami,available,18.88,18.88,high,low,8,spaceship,,,30/09/2026 16:35
a251f6d9-ae47-452c-b871-1039c4222e25,tenner.miami,available,24.98,30.98,medium,low,6,namecheap,,,21/09/2026 10:53
833ba20b-d6dd-44eb-bdfd-59b49adcd7a4,botanical.miami,available,23.49,23.49,high,low,9,namesilo,,,10/08/2026 20:47
bb925f53-9202-4c46-bc64-3d155ec3a7e3,cords.miami,available,24.98,30.98,medium,low,5,namecheap,,,24/09/2026 18:14
aa300684-fd38-4008-becb-5f0b0f53b43f,automatism.miami,available,24.98,30.98,medium,low,10,namecheap,,,21/09/2026 06:59
67a8955b-0dcb-4ec2-a8da-52e5141a2cc4,reasonably.miami,available,23.49,23.49,medium,low,10,namesilo,,,25/09/2026 11:58
bccd496d-4485-468e-ac1c-9c02628f5a95,stygian.miami,available,23.49,23.49,medium,low,7,namesilo,,,
58951f00-1b58-4624-b7f7-e82078658480,collapse.miami,available,19.05,19.05,high,low,8,porkbun,,,27/09/2026 12:20
148d0a16-6fdb-4ab6-a59d-0703c69962e0,separated.miami,available,23.49,23.49,medium,low,9,namesilo,,,19/09/2026 04:08
a7d27679-bd46-4c79-a0c0-8d4d747bc502,mutually.miami,available,23.49,23.49,medium,low,8,namesilo,,,15/09/2026 15:56
1dfe281d-06c6-41c6-8a28-d2ede49b2f8e,penal.miami,available,23.49,23.49,medium,low,5,namesilo,,,08/09/2026 13:51
bd9a5bcd-d86b-49ff-9383-2fbbb453517a,reversive.miami,available,23.49,23.49,medium,low,9,namesilo,,,09/09/2026 16:11
be7a2afe-4e3a-4dbf-b25e-cd666c4c4e77,granth.miami,available,24.98,30.98,high,low,6,namecheap,,,17/09/2026 08:05
fbb9fa40-2789-4290-bf0b-96b51c1336b9,loss.miami,premium,87.86,20.18,high,low,4,porkbun,,,30/09/2026 03:21
7e16d860-c9ff-4afc-b02b-05a484feb83a,forester.miami,available,23.49,23.49,medium,low,8,namesilo,,,20/09/2026 00:50
684e24a8-44ce-4c06-9881-dbcdef01fd5b,tons.miami,premium,41.6,18.83,high,low,4,spaceship,,,28/09/2026 15:04
9c507951-43d6-46e6-8274-90d5ffa2ce76,untied.miami,available,23.49,23.49,high,low,6,namesilo,,,12/09/2026 05:00
ee2dd8d8-6eaa-47bd-a242-518b0fc089a0,discussion.miami,available,18.88,18.88,high,low,10,spaceship,,,29/09/2026 15:38
06631cee-19f8-44ce-946b-e4b41f06972e,affirmer.miami,available,30.99,30.99,medium,low,8,name.com,,,17/09/2026 14:33
0a8ce51d-00ea-49fa-9faa-1a6a02f8c930,insanity.miami,available,23.49,23.49,high,low,8,namesilo,,,28/09/2026 02:09
0414cbc3-f850-4f0f-9054-eb00e8081d42,survives.miami,available,18.2,18.2,medium,low,8,cloudflare,,,29/09/2026 17:53
8871a630-af08-46b3-bb6e-4badb4847a64,seaworthy.miami,available,23.49,23.49,high,low,9,namesilo,,,10/09/2026 01:05
4dea888e-af8a-4c17-af21-8f33fca439d3,randall.miami,premium,47.2,21.24,high,low,7,namesilo,,,28/09/2026 04:02
3ae6df39-03ce-4b8c-bbeb-61e34162582c,upside.miami,available,19.05,19.05,high,low,6,porkbun,,,28/09/2026 06:49
b48342a8-2a54-46a7-a1d6-9c0022dbe46e,gaining.miami,available,24.5,,medium,low,7,unstoppable,,,28/09/2026 11:29
a4a6c56e-ae65-4cb6-afd5-ca2ed5c43ee5,mobilization.miami,available,24.5,,high,low,12,unstoppable,,,02/10/2026 01:20
cc494045-ff5f-415a-85e7-6c790dc88c2d,would.miami,available,24.98,30.98,high,low,5,namecheap,,,30/09/2026 21:57
f92c4913-281f-44c5-89ae-2433f3aab993,famine.miami,available,19.48,19.48,medium,low,6,dynadot,,,29/09/2026 12:01
372bc8c3-d585-4c35-98cf-e3f45dfd48c8,aramean.miami,available,23.49,23.49,high,low,7,namesilo,,,06/08/2026 12:02
df602fc2-af60-4c52-a076-d28a04626718,iberian.miami,available,23.49,23.49,high,low,7,namesilo,,,21/08/2026 17:32
ff45745e-d0d7-4284-a297-f1b94eaa6796,production.miami,available,24.98,30.98,high,low,10,namecheap,,,19/09/2026 18:56
e8d5c5c3-04f7-4a4f-9004-5876e6d76efb,motivation.miami,available,23.49,23.49,high,low,10,namesilo,,,25/09/2026 21:49
bb15b12a-bae4-4e2d-8e31-f3ef1b9c7752,remotely.miami,available,23.49,23.49,medium,low,8,namesilo,,,15/09/2026 23:10
3951c187-e736-4664-8150-182c67e3c794,provisional.miami,available,24.5,,high,low,11,unstoppable,,,30/09/2026 19:46
bcbae229-bfcd-49a2-b25b-587bcb86c480,solis.miami,premium,80.5,,high,low,5,unstoppable,,,01/10/2026 11:23
60ce1067-0a01-4df8-8aef-a261a25621c5,gabe.miami,available,18.88,18.88,high,low,4,spaceship,,,29/09/2026 09:24
bbd8c664-2fda-40d5-8ea2-e0a53a457303,vibrating.miami,available,23.49,23.49,medium,low,9,namesilo,,,30/09/2026 14:24
a67de34f-c78b-4a29-8391-03f62756676c,bahai.miami,available,23.49,23.49,high,low,5,namesilo,,,08/08/2026 08:27
02c51ab3-3477-4ee5-bb6b-9818c54e22f3,blanks.miami,available,35.99,35.99,medium,low,6,godaddy,,,01/10/2026 00:46
cfa96fe1-57ed-47be-abdd-8f7141c58300,monstrous.miami,available,23.49,23.49,medium,low,9,namesilo,,,07/08/2026 14:47
b02f50d6-997c-4059-b3cd-7ba4c4e9d9df,amnesiac.miami,available,24.98,30.98,medium,low,8,namecheap,,,
dcd39118-b48d-4bff-8546-6f50e5c91fe4,keno.miami,resell,,,high,low,4,WHC Online Solutions Inc.,07/12/2023 18:58,07/12/2026 18:58,26/09/2026 07:04
d6afca1c-b1bf-4a0e-9dcb-c3edc8290c7a,potbound.miami,available,23.49,23.49,medium,low,8,namesilo,,,09/09/2026 00:44
35db61a8-a38b-4602-b059-f0a7c654aba9,destructive.miami,available,24.5,,medium,low,11,unstoppable,,,30/09/2026 23:46
83c2f219-49f5-47a8-863c-ce97cc293c34,conducive.miami,available,24.98,30.98,high,low,9,namecheap,,,12/08/2026 20:30
bda9cf03-719c-40b9-9635-56f203a8e493,chick.miami,premium,96,21.24,high,low,5,namesilo,,,24/09/2026 14:27
01281237-0627-4719-b92a-d6f20165b5aa,noteworthy.miami,premium,47.2,21.24,high,low,10,namesilo,,,03/09/2026 22:01
282f7b52-1903-4b02-94de-8d5dd337935c,nuprin.miami,available,23.49,23.49,medium,low,6,namesilo,,,17/09/2026 11:20
54434ba9-8b79-4938-9d83-86fc5647dcd3,toller.miami,available,23.49,23.49,medium,low,6,namesilo,,,23/09/2026 05:41
4bd9c941-e2ec-444c-a6d1-bfc5ae533e0f,precursory.miami,available,23.49,23.49,high,medium,10,namesilo,,,09/09/2026 01:20
67d3f593-9201-4d09-9bf9-4371dd3e6c14,succeeded.miami,available,23.49,23.49,medium,low,9,namesilo,,,28/09/2026 17:37
603ce5ec-a903-4d8a-a0ee-1c36d3937598,tilted.miami,available,23.49,23.49,high,low,6,namesilo,,,07/08/2026 13:29
c528d4f7-e217-4068-a198-22e9c6c1c7c6,vessels.miami,available,23.49,23.49,medium,low,7,namesilo,,,28/09/2026 22:44
6d4694e5-4f9a-4b24-8696-a3046247751c,enchained.miami,available,23.49,23.49,medium,low,9,namesilo,,,12/08/2026 01:24
e421d071-3471-423b-b2a4-73131ace51a0,heck.miami,premium,47.2,21.24,high,low,4,namesilo,,,01/10/2026 01:34
ab847779-2c20-4604-bf3c-207e9eb8c2de,halves.miami,available,18.2,18.2,medium,low,6,cloudflare,,,30/09/2026 05:54
87087bfb-cff7-4ec7-9907-f03a2bb3f171,dissatisfied.miami,available,18.2,18.2,medium,low,12,cloudflare,,,29/09/2026 21:05
89dbe2bc-ff96-4689-9297-44d544dcb782,alpinism.miami,available,24.98,30.98,medium,low,8,namecheap,,,18/09/2026 14:05
7f45d5b4-90aa-4c23-9f9e-baefc204083a,equations.miami,available,23.49,23.49,medium,low,9,namesilo,,,18/09/2026 12:39
3d2ef473-61c3-429b-af10-dbe998cd772b,albinotic.miami,available,23.49,23.49,medium,low,9,namesilo,,,
2a8f4de7-76b1-4ddd-bade-ad71a0bfb9cd,smartness.miami,available,23.49,23.49,high,low,9,namesilo,,,12/08/2026 04:49
1ce59fc4-229e-424f-8d10-bb6235da9baa,thousand.miami,available,23.49,23.49,high,low,8,namesilo,,,21/09/2026 11:02
22b6b63c-6964-425f-85ba-a7673bb86683,mcgraw.miami,available,23.49,23.49,medium,low,6,namesilo,,,28/09/2026 06:05
57a4a927-2e66-413d-bff4-9aa2cd7ea67b,belgrade.miami,available,23.49,23.49,high,low,8,namesilo,,,23/09/2026 05:11
044b7ebe-3ee4-4ae5-b273-7bc50e287d1d,wildfire.miami,available,18.2,18.2,high,low,8,cloudflare,,,01/10/2026 04:06
328f24c0-291f-4263-9d8e-27f16b652e79,putting.miami,available,23.49,23.49,high,low,7,namesilo,,,25/09/2026 10:11
e49d8973-9e03-4cfc-84a3-cdf839372aac,teresa.miami,premium,52,23.4,high,low,6,namecheap,,,17/09/2026 18:40
a915f854-1881-4b6e-ac18-7b4d1d17c3f7,impromptu.miami,available,24.98,30.98,high,low,9,namecheap,,,
60b5f502-b76b-4885-9ec5-f3fae03ee114,draws.miami,available,23.49,23.49,high,low,5,namesilo,,,
07ac268c-9f95-4804-9bb9-2eb62d053b6f,searching.miami,premium,96,21.24,high,low,9,namesilo,,,25/09/2026 09:44
6ec2cf19-fc2d-4027-b850-23208106daf4,stirred.miami,available,23.49,23.49,high,low,7,namesilo,,,25/08/2026 09:07
acf8a18b-84a4-477a-b466-d5876dd9daa9,stonelike.miami,available,24.98,30.98,medium,low,9,namecheap,,,08/09/2026 18:26
3e7cd8e3-485c-441b-9416-19376a53f372,marian.miami,premium,47.2,21.24,high,low,6,namesilo,,,24/08/2026 15:53
87c27f65-e438-4898-bbfb-b85af676345b,liars.miami,available,19.05,19.05,medium,low,5,porkbun,,,01/10/2026 17:54
6ef57e26-06c0-48a6-ba2b-6292428057c9,arauca.miami,available,24.98,30.98,medium,low,6,namecheap,,,20/09/2026 00:22
246000c8-9e69-41ea-a226-b76262394236,cable.miami,premium,47.2,21.24,high,low,5,namesilo,,,24/09/2026 11:34
bbcefd5a-edb8-497c-afd5-e7e4d2973037,latino.miami,premium,5000,30.99,high,low,6,name.com,,,21/08/2026 09:46
2e4488c8-5d93-483d-8d19-8de9800ba9ab,herakles.miami,available,23.49,23.49,high,low,8,namesilo,,,18/09/2026 04:05
fa9e1d04-9f3b-451b-809e-4b90f7289531,balancing.miami,available,24.98,30.98,high,low,9,namecheap,,,21/09/2026 20:56
b141a0ac-9f1a-4aa4-b318-4bd8b99330f8,kingsley.miami,available,23.49,23.49,medium,low,8,namesilo,,,27/09/2026 20:56
3c95fd26-5e37-4a9a-bd2c-56e9564d01ac,riverdale.miami,available,18.2,18.2,high,low,9,cloudflare,,,30/09/2026 05:42
0b592600-b5ad-4c90-a396-451433bf1964,serenely.miami,available,23.49,23.49,medium,low,8,namesilo,,,16/09/2026 01:06
adb4155f-78e0-4353-9596-87ed1fbddc6d,adelphi.miami,available,19.48,19.48,high,low,7,dynadot,,,30/09/2026 13:46
0296a623-54bd-43ac-b33f-8e008bb2973e,admirable.miami,premium,47.2,21.24,high,low,9,namesilo,,,21/09/2026 18:46
725d7c42-2659-40ff-9200-2fbf817a614d,beguine.miami,available,24.98,30.98,medium,low,7,namecheap,,,23/09/2026 02:59
12d3ab4d-5abb-4c72-9b76-9953a38c75ea,overboard.miami,available,24.98,30.98,high,low,9,namecheap,,,15/09/2026 18:25
11c5a98d-8eaf-4457-be13-11793f405a6e,hauling.miami,premium,207.2,18.83,high,low,7,spaceship,,,30/09/2026 01:50
1c3654fe-280d-4afe-9d33-ddd3bbd6af13,litchfield.miami,available,18.2,18.2,medium,low,10,cloudflare,,,28/09/2026 21:40
e415a12d-5a97-49b9-94e8-95b681368b73,subconscious.miami,available,18.88,18.88,high,low,12,spaceship,,,30/09/2026 03:47
3df4d4a7-d637-4d57-be30-3d25ea8a8bc8,anise.miami,available,24.98,30.98,high,low,5,namecheap,,,19/09/2026 09:24
aea0c853-4eb6-431b-8cb7-056cd7ec4c11,travis.miami,premium,47.2,21.24,high,low,6,namesilo,,,25/09/2026 13:01
53fb8e91-1bf0-4469-b4b2-2a6b950edc31,settled.miami,available,23.49,23.49,high,low,7,namesilo,,,12/08/2026 17:27
0bcc4b9a-8653-4c51-a6ab-0f8ec2e27419,bleed.miami,available,23.49,23.49,medium,low,5,namesilo,,,28/09/2026 14:26
48f87aec-f1e6-4616-bd86-c7a42edacddb,sleeping.miami,available,19.48,19.48,high,low,8,dynadot,,,27/09/2026 22:26
488be425-f83c-4f9f-aa54-035b35c1d6a4,museums.miami,premium,242,21.24,high,low,7,namesilo,,,29/09/2026 11:30
38c5c240-26e1-4cc0-ade5-9a8610c0e604,crustal.miami,available,23.49,23.49,medium,low,7,namesilo,,,13/08/2026 09:20
1008af83-65b1-44ce-89f7-799b465c7044,hermetic.miami,available,23.49,23.49,medium,low,8,namesilo,,,21/08/2026 07:10
8e110db8-7798-4ecf-9d71-056d283b71cd,sagely.miami,available,23.49,23.49,medium,low,6,namesilo,,,16/09/2026 00:31
2b2a41b4-d8a6-4cef-a1ad-782618e53366,coital.miami,available,23.49,23.49,low,low,6,namesilo,,,12/08/2026 16:22
e7cbaef3-6ef6-4a28-8b56-9862e338be77,blazer.miami,premium,47.2,21.24,high,low,6,namesilo,,,24/09/2026 05:03
937729dd-8d0f-45d4-9d7f-d3a4817270af,grudge.miami,available,18.88,18.88,high,low,6,spaceship,,,29/09/2026 19:05
f579ef8e-75cb-4da2-9389-2b649fdbf578,covering.miami,available,23.49,23.49,high,low,8,namesilo,,,29/09/2026 11:54
0e8130c5-fae4-4f33-94ae-70e3c45d3b8a,bellbottom.miami,available,23.49,23.49,low,low,10,namesilo,,,09/08/2026 13:21
2d4135e9-63b3-4018-9795-6822ea7d6ae4,felid.miami,available,23.49,23.49,medium,low,5,namesilo,,,18/08/2026 00:54
30e209fe-4ce8-484e-95d7-d1f320603ef6,madison.miami,premium,96,21.24,high,low,7,namesilo,,,08/09/2026 13:09
aa1307e6-d0d6-45f8-86c2-d7fb3f97d586,quit.miami,premium,47.2,21.24,high,low,4,namesilo,,,24/09/2026 13:22
9d1a65a2-600d-46a8-83a3-f42b21d57adb,arhant.miami,available,23.49,23.49,medium,low,6,namesilo,,,20/09/2026 05:07
38467fc5-3d8c-4915-aa6f-bc1f6f627772,seth.miami,premium,47.2,21.24,high,low,4,namesilo,,,25/09/2026 10:39
b559ad60-082d-4c6f-b020-77111ee0351b,ssc.miami,premium,41.6,18.83,high,low,3,spaceship,,,29/09/2026 22:32
71ff78d4-da30-462c-a02a-6b0000e01015,amah.miami,premium,52,23.4,medium,low,4,namecheap,,,18/09/2026 15:37
ad7422ba-cb2f-4ab4-b301-ab1adc3805f5,mpc.miami,premium,,,high,low,3,,,,30/09/2026 22:14
73833f03-e1ff-4f00-aab6-8bce1d2f40df,genetics.miami,available,18.2,18.2,high,low,8,cloudflare,,,28/09/2026 19:19
b1aebead-bb9c-4331-bfd8-7785f3af4ba2,foiling.miami,available,23.49,23.49,medium,low,7,namesilo,,,11/09/2026 15:16
94d8f74a-f519-4aa8-ab94-bf678935346e,shortcuts.miami,available,23.49,23.49,medium,medium,10,namesilo,,,18/09/2026 08:11
28fafa26-e276-4e49-bd69-cbf71995f22d,slip.miami,premium,47.2,21.24,high,low,4,namesilo,,,27/09/2026 22:41
87a7a2e1-aa83-4fbf-98b3-46c982356bb8,unpaid.miami,available,23.49,23.49,high,low,6,namesilo,,,
128ef79c-4f5a-4f53-b117-4adb03bec58b,dozens.miami,available,23.49,23.49,high,low,6,namesilo,,,14/09/2026 23:20
9e6663d9-b252-4312-8f96-741141d57f71,algae.miami,available,23.49,23.49,high,low,5,namesilo,,,18/09/2026 06:48
868290c4-cb06-469a-973e-3f105789aa35,butts.miami,available,18.2,18.2,high,low,5,cloudflare,,,29/09/2026 11:36
a334bca8-94e9-4313-8a6e-a03c1e5000a6,depository.miami,available,23.49,23.49,high,low,10,namesilo,,,24/09/2026 21:58
010c9d02-8c46-420f-8b44-450c41083d6c,everlasting.miami,available,23.49,23.49,high,low,11,namesilo,,,29/09/2026 08:43
b2842c1a-f45a-4fcb-b613-50d878660712,novi.miami,available,18.88,18.88,high,low,4,spaceship,,,28/09/2026 21:12
da5deb50-60db-4511-84ff-8067c8b9eeee,femoral.miami,available,23.49,23.49,medium,low,7,namesilo,,,18/08/2026 01:05
f47ae34e-5970-4616-a68e-016753fb24df,kannada.miami,available,24.98,30.98,high,low,7,namecheap,,,30/09/2026 17:46
a0712ea5-297d-40ad-8e2d-67d052079281,passports.miami,premium,242,21.24,medium,low,9,namesilo,,,20/09/2026 09:52
c0f3f583-7419-491b-bb9e-82bbdb02f26c,tetrad.miami,available,23.49,23.49,medium,low,6,namesilo,,,
0c458d93-b770-4356-99c0-162c78a4ae08,myotonic.miami,available,23.49,23.49,medium,low,8,namesilo,,,03/09/2026 12:15
7daaaa05-62a5-4991-835d-d0dcab6cf3f6,yours.miami,available,18.88,18.88,high,low,5,spaceship,,,02/10/2026 04:34
aadc1628-6810-4211-8770-1eaf9802b7a8,shallow.miami,available,18.88,18.88,medium,low,7,spaceship,,,27/09/2026 20:23
cc946a8c-c5f2-484a-9c88-bdd17ee3131a,hani.miami,available,24.98,30.98,high,low,4,namecheap,,,17/09/2026 23:54
c8e63ac6-0008-469e-b6f9-9532a5adfe84,syncretic.miami,available,23.49,23.49,high,low,9,namesilo,,,11/09/2026 06:21
f5df6760-91ca-4c0a-8fee-7860b335d1a3,abbatial.miami,available,23.49,23.49,medium,low,8,namesilo,,,
dafa9cfd-36a1-4864-b070-d51a4109d26a,baikal.miami,available,24.98,30.98,high,low,6,namecheap,,,21/09/2026 18:54
893b313b-019d-43c5-a024-db1ed8724765,bnp.miami,premium,47.2,21.24,high,low,3,namesilo,,,01/10/2026 04:46
7d417ddb-5b90-439e-bb31-02ffcd3aa103,hamid.miami,available,19.48,19.48,medium,low,5,dynadot,,,28/09/2026 16:11
53e0a433-2ef8-4c31-8bd1-cbaca48d0b28,collectively.miami,available,24.98,30.98,medium,low,12,namecheap,,,30/09/2026 05:47
d16ad4bf-6f81-49c3-954c-a0849ab923e8,multiple.miami,available,23.49,23.49,high,low,8,namesilo,,,25/09/2026 22:06
058b6a52-6379-4dc7-829e-1a0547cb55d0,likeness.miami,available,23.49,23.49,high,low,8,namesilo,,,18/09/2026 07:48
ef701a60-4186-4f00-bb20-f446db889a6f,rocking.miami,available,18.88,18.88,high,low,7,spaceship,,,28/09/2026 15:55
0abcff3a-308a-483f-bb4d-20c70723b7df,languorous.miami,available,24.98,30.98,medium,low,10,namecheap,,,22/08/2026 18:05
410fa187-786e-4511-a8c9-d6490a578e71,hanukkah.miami,available,18.2,18.2,high,low,8,cloudflare,,,29/09/2026 08:04
80837056-e8d5-454b-aa85-5c02a10ecbaa,teach.miami,premium,242,21.24,high,low,5,namesilo,,,24/09/2026 02:03
9efe6eac-c4a6-464d-aa9b-6304e67f6b56,rale.miami,premium,47.2,21.24,high,medium,4,namesilo,,,09/09/2026 10:37
f472523b-162e-42bd-a70d-6092ac16bddf,tulip.miami,premium,104,23.4,high,low,5,namecheap,,,30/09/2026 19:03
d17ebdbb-9e1b-4e45-9d1d-1efc7b423f1a,isd.miami,premium,,,high,low,3,,,,30/09/2026 15:03
d3b1928d-1965-4901-9966-7b6c55a32d1a,smarts.miami,available,24.98,30.98,high,low,6,namecheap,,,16/09/2026 18:16
5280be7a-627c-46bb-8b42-2d4bfea6f3ce,flint.miami,available,23.49,23.49,high,low,5,namesilo,,,18/08/2026 08:20
195918f7-366a-4fa8-ad8e-345b4504834e,dreamed.miami,available,19.05,19.05,medium,low,7,porkbun,,,27/09/2026 21:44
2eec50af-a5d6-47f0-8be8-aecb2f29efc4,steed.miami,available,18.88,18.88,high,low,5,spaceship,,,01/10/2026 21:53
d183d180-7423-474b-8a4e-2f86b06fc0f7,parsimony.miami,available,23.49,23.49,medium,low,9,namesilo,,,08/09/2026 14:39
63191ba0-f0d9-4b8e-aab5-5b950c1753e8,frames.miami,available,19.48,19.48,medium,low,6,dynadot,,,29/09/2026 11:27
d7c51fec-5d12-4cb5-b13f-5540b154c83b,selection.miami,available,24.5,23.49,high,low,9,unstoppable,,,28/09/2026 07:48
af58f30c-55bd-4dfc-b2c8-a8142cdf1a9b,mary.miami,premium,96,21.24,high,low,4,namesilo,,,24/09/2026 06:05
b0fc611e-4e07-419d-beed-ac3ce9284695,flexing.miami,available,18.2,18.2,high,low,7,cloudflare,,,01/10/2026 22:33
5e539cdc-8df7-418b-9b84-33c40cba165d,presenting.miami,available,18.88,18.88,medium,low,10,spaceship,,,28/09/2026 17:29
53984645-ecfd-4f05-a5b6-3a5c23062737,unnoted.miami,available,24.98,30.98,medium,low,7,namecheap,,,04/09/2026 21:08
f000eb5a-13b9-44a8-8bef-19035e5068ba,tastefully.miami,available,23.49,23.49,high,low,10,namesilo,,,16/09/2026 07:59
af507cb2-c616-4969-8fef-151129a01f44,exempt.miami,available,23.49,23.49,high,low,6,namesilo,,,17/08/2026 17:02
4ed4ca14-b8be-489c-8f40-2b193100772b,saratoga.miami,available,23.49,23.49,high,low,8,namesilo,,,21/09/2026 04:45
caedf8dd-fd19-4a10-b912-a045d4fe063b,amber.miami,premium,96,21.24,high,low,5,namesilo,,,22/09/2026 03:52
d8dd21f1-1d3c-4121-a9f7-644d9d5eb29b,wonder.miami,premium,40.5,,high,medium,6,unstoppable,,,29/09/2026 13:03
b408166f-85f8-4458-93f6-0931acd60e63,lordship.miami,available,23.49,23.49,medium,low,8,namesilo,,,28/09/2026 19:44
f61e0cd3-b895-41b3-8f59-8295dcd7d6b5,adds.miami,premium,47.2,21.24,medium,low,4,namesilo,,,18/09/2026 14:32
84398cd1-b8d6-463d-ba40-34d87a90a3e6,jesting.miami,available,23.49,23.49,high,low,7,namesilo,,,22/08/2026 12:52
1313823c-004e-46eb-8b23-1cd84a16af57,cadets.miami,available,23.49,23.49,medium,low,6,namesilo,,,30/09/2026 00:49
7638f02e-b193-4bf2-918a-0e71fa5f6715,barman.miami,available,23.49,23.49,high,low,6,namesilo,,,22/09/2026 06:19
5f8308ff-e79b-46f9-8c27-0fbb4f844926,songbirds.miami,available,23.49,23.49,medium,low,9,namesilo,,,21/09/2026 08:44
c634164b-7f9f-4c9e-8629-0d19153c6aff,frothy.miami,available,23.49,23.49,high,low,6,namesilo,,,11/08/2026 07:22
39dc1db6-44f9-468e-a7a3-814802ff04b0,lyrate.miami,available,23.49,23.49,medium,low,6,namesilo,,,24/08/2026 12:39
2e3d4c7c-4a78-42da-aaa0-d522aeeff80d,california.miami,available,19.05,19.05,high,medium,10,porkbun,,,29/09/2026 05:55
eaefdd9f-fd99-4287-9326-ff1d20f9bb84,impala.miami,available,23.49,23.49,medium,low,6,namesilo,,,17/09/2026 12:44
81e9faad-0354-4304-b4c7-02560acbb6a4,tepid.miami,available,23.49,23.49,medium,low,5,namesilo,,,20/08/2026 22:41
433d2f22-dd22-40cd-9fbe-79bd71a422d0,questioner.miami,available,24.98,30.98,medium,low,10,namecheap,,,20/09/2026 14:25
f69eb608-c6e5-451a-8771-b6cbc68ddb83,ivanov.miami,available,18.88,18.88,medium,low,6,spaceship,,,29/09/2026 01:22
3a730f6a-bf53-4678-a800-e1a11f52f79d,monaghan.miami,available,18.2,18.2,medium,low,8,cloudflare,,,29/09/2026 17:52
d6214242-b8ef-49e9-ab7f-376a52f2336e,abbe.miami,premium,47.2,21.24,medium,low,4,namesilo,,,16/09/2026 14:22
39caec39-a344-4fbb-882f-27f0bbf15aab,niggle.miami,available,23.49,23.49,medium,low,6,namesilo,,,23/09/2026 13:17
1e956e48-8dc0-49f8-a4fa-86da5a6aa8c7,patiently.miami,available,24.98,30.98,medium,low,9,namecheap,,,15/09/2026 19:20
380b1d44-a2b2-4748-8ae5-f338b54a4957,disparate.miami,available,23.49,23.49,medium,low,9,namesilo,,,14/08/2026 11:52
93b76114-37d7-48c1-bf6b-a88c304d8a58,llewellyn.miami,available,18.2,18.2,medium,low,9,cloudflare,,,29/09/2026 09:48
3227ce8e-77b8-4c47-94b3-7de4505770f1,audiometer.miami,available,23.49,23.49,medium,low,10,namesilo,,,21/09/2026 02:58
16ac37a5-d9c1-4cac-a94a-b0723707a58c,quick.miami,available,23.49,23.49,high,medium,5,namesilo,,,21/09/2026 23:09
3bb80fd7-a614-4f18-b855-6ca6d80d7fa0,muir.miami,available,24.5,,medium,low,4,unstoppable,,,29/09/2026 19:25
bb816923-2261-461c-9302-c22cc44e7b6a,acquired.miami,premium,47.2,21.24,high,low,8,namesilo,,,
09d03ee7-3ff0-4f93-8112-889bb917a345,exclusion.miami,premium,41.6,18.83,high,low,9,spaceship,,,30/09/2026 17:15
e837bf11-de3e-4df7-bad9-4bfd841c101d,embodied.miami,available,23.49,23.49,high,low,8,namesilo,,,16/08/2026 09:35
4dbd6cf7-207b-41a2-b921-2ed73dbf1fb4,backstay.miami,available,24.98,30.98,medium,low,8,namecheap,,,21/09/2026 16:03
71d8fc4f-f578-4b14-9c71-ac7031497825,attended.miami,available,23.49,23.49,medium,low,8,namesilo,,,22/09/2026 11:17
57ffa54e-76a0-4a77-a09e-6cf40fdd5192,wired.miami,available,23.49,23.49,high,low,5,namesilo,,,27/09/2026 08:11
f6dbd6e7-6bfd-48a6-b2c2-08cc7c1b20ff,goosefish.miami,available,23.49,23.49,medium,low,9,namesilo,,,18/09/2026 11:40
7f7ebdf3-4191-4310-bcf9-3c32eed6da43,infallible.miami,available,23.49,23.49,high,low,10,namesilo,,,22/08/2026 04:05
17d068c4-2d53-4957-896b-16b796f0c942,antimicrobial.miami,available,19.48,19.48,medium,low,13,dynadot,,,30/09/2026 11:51
20e8ec83-ea62-4000-b861-ddf146873ccb,upcountry.miami,available,23.49,23.49,medium,low,9,namesilo,,,24/08/2026 22:37
e4d3cfb8-b38a-47e4-b4e1-2905dd7c621f,integrally.miami,available,23.49,23.49,medium,low,10,namesilo,,,15/09/2026 08:51
5c69e10f-0de5-455e-86b4-4e886117637d,lightweight.miami,available,18.88,18.88,high,low,11,spaceship,,,01/10/2026 08:07
980cc759-c91b-4a2b-9354-1c94561e5609,decreased.miami,available,23.49,23.49,medium,low,9,namesilo,,,13/08/2026 22:08
8fcab2c9-0659-4ea0-8ed1-f08f8ab867f1,leonard.miami,premium,47.2,21.24,high,low,7,namesilo,,,25/09/2026 22:27
54073158-c11f-474e-a976-ab8fd473557b,texted.miami,available,24.98,30.98,medium,low,6,namecheap,,,20/09/2026 17:16
020577c0-25d5-4a89-abe4-78435c650901,odious.miami,available,23.49,23.49,medium,low,6,namesilo,,,
fed43d08-15d8-4afd-9c7f-043dad122a85,humble.miami,available,23.49,23.49,high,low,6,namesilo,,,22/09/2026 17:44
4fae22ba-3a4c-4efd-a444-bc491c2b61b8,acrosome.miami,available,23.49,23.49,medium,low,8,namesilo,,,17/09/2026 03:58
e9a46a98-5960-4dbe-a4f0-9aa70a173dd5,biographer.miami,available,24.98,30.98,high,low,10,namecheap,,,23/09/2026 18:07
8cba1e1e-ac7e-49da-aae1-3f29be8391d5,norwalk.miami,available,18.88,18.88,high,low,7,spaceship,,,28/09/2026 12:08
36db6bac-3e92-4d46-bdc2-3876c691b6c8,clearly.miami,available,23.49,23.49,high,low,7,namesilo,,,28/09/2026 13:55
b278fa1f-407b-4435-8dd1-c303d941a2e0,risible.miami,available,24.98,30.98,medium,low,7,namecheap,,,12/08/2026 19:02
6259927d-4d21-4de3-96fd-9553be03d2fa,endanger.miami,available,24.5,,high,low,8,unstoppable,,,30/09/2026 02:16
8aa216a5-618f-44a2-9c85-587ee04370c2,beanbag.miami,available,24.98,30.98,high,low,7,namecheap,,,22/09/2026 20:20
c9f796bd-7a66-4203-88c5-07124dd701f0,thomas.miami,premium,96,21.24,high,medium,6,namesilo,,,25/09/2026 04:57
d4bda299-5712-4bb0-95ed-f076e3bf5242,les.miami,premium,47.2,21.24,high,low,3,namesilo,,,01/10/2026 01:13
f2ff307b-b603-4b18-bd82-d26b3aa50841,dole.miami,premium,47.2,21.24,high,low,4,namesilo,,,02/10/2026 04:38
e771f311-f845-4347-9eb6-da1ba06b21bd,adapters.miami,premium,242,21.24,medium,low,8,namesilo,,,01/10/2026 00:53
05fb97fc-201c-476c-9835-02e167311db8,agerasia.miami,available,23.49,23.49,medium,low,8,namesilo,,,17/09/2026 17:14
9b645d76-db7b-4ac5-a389-4efbc139c5b8,beaker.miami,available,24.98,30.98,high,low,6,namecheap,,,22/09/2026 19:45
54c6459c-611f-40c1-baa5-37227a611450,unsecured.miami,available,23.49,23.49,medium,low,9,namesilo,,,12/09/2026 01:41
99a51c8b-15ec-4411-a2e3-6438ceb9b8e2,giza.miami,available,18.2,18.2,high,low,4,cloudflare,,,29/09/2026 17:47
d46ea05c-edcd-4933-a2fe-aaff34f7e09f,meddling.miami,available,23.49,23.49,medium,low,8,namesilo,,,11/08/2026 11:24
8c27505b-c0f8-461b-864d-1d5daa581b0c,ahmed.miami,premium,52,23.4,high,low,5,namecheap,,,25/09/2026 14:32
d547a030-7581-4068-90bb-d9d94dd5377c,bona.miami,available,18.88,18.88,high,low,4,spaceship,,,01/10/2026 04:55
4da11d02-70f1-40b9-9cd9-e7ac496895dd,soto.miami,premium,96,21.24,high,low,4,namesilo,,,27/09/2026 07:28
4079436f-40f8-4a26-8f36-b0dffc171ddc,rodin.miami,available,23.49,23.49,high,low,5,namesilo,,,21/09/2026 03:57
9594e578-aa95-404d-ab9a-f1ce391c5247,epilepsy.miami,available,23.49,23.49,high,low,8,namesilo,,,30/09/2026 01:32
1a89190e-f6a2-4c41-849f-9ef3da66f4f3,placeable.miami,available,24.98,30.98,high,medium,9,namecheap,,,08/09/2026 20:14
c8e0446d-896b-45fd-923b-dda592407904,uniting.miami,available,30.99,30.99,high,low,7,name.com,,,18/09/2026 15:39
644f1697-f9b4-4262-94e5-8f20711fe3d7,almighty.miami,available,23.49,23.49,high,low,8,namesilo,,,
72dd1d80-b9f3-4955-a960-bda5212bd9d9,electron.miami,available,19.48,19.48,high,low,8,dynadot,,,29/09/2026 18:44
d950808d-8e16-44de-b84d-cf7b5d33a011,viscid.miami,available,23.49,23.49,medium,low,6,namesilo,,,20/08/2026 15:23
4668b869-c68c-4039-9222-ab65e038ef8a,kneel.miami,premium,,,high,low,5,,,,30/09/2026 10:21
c267e461-7899-4677-8ecb-1a09ddefe129,fired.miami,available,23.49,23.49,medium,low,5,namesilo,,,24/09/2026 11:05
7a7626b4-af43-4c23-b856-e2ec76ed6c3f,numbly.miami,available,23.49,23.49,low,low,6,namesilo,,,15/09/2026 08:39
cd0959d8-bd34-4520-91f5-a4760b344454,binomial.miami,available,24.98,30.98,high,low,8,namecheap,,,10/08/2026 00:30
610ceed7-cae8-447b-8e39-bd4fd7965559,username.miami,available,24.98,30.98,high,low,8,namecheap,,,01/10/2026 05:01
8a3a58ca-9df3-46a7-a1ae-ddc9e1528bfc,mine.miami,premium,52,23.4,high,low,4,namecheap,,,25/09/2026 09:26
4960eafe-e79c-4372-8bd2-f817404d73d8,interval.miami,available,23.49,23.49,high,low,8,namesilo,,,29/09/2026 13:09
22e353e7-8d90-45ee-b2d8-172579cfaf62,tak.miami,premium,,,high,low,3,,,,29/09/2026 09:19
18a7ba70-b0ce-4052-8eb6-3c312004312e,newcomb.miami,available,19.48,19.48,high,low,7,dynadot,,,29/09/2026 13:33
351cb226-ca0f-4c30-895b-dedb954a3234,tracy.miami,premium,52,23.4,high,low,5,namecheap,,,30/09/2026 11:36
12921764-1358-430e-b708-4447af07f654,theban.miami,available,23.49,23.49,high,low,6,namesilo,,,11/09/2026 12:35
aaf72ec4-9ca1-439e-a435-8b779106a21c,auricula.miami,available,23.49,23.49,medium,low,8,namesilo,,,21/09/2026 04:20
d00aa170-24af-409e-b338-bb420c41e19b,claremont.miami,available,24.98,30.98,high,low,9,namecheap,,,27/09/2026 08:22
7e0068f4-406d-4a9e-8e97-d4124885fb0d,effective.miami,available,23.49,23.49,high,low,9,namesilo,,,24/09/2026 13:31
adae95b3-9910-4274-82b9-bfe7a2bb1bc6,fannie.miami,premium,,,medium,low,6,,,,28/09/2026 12:06
218c3f03-7dbb-46e3-838d-eb6062ed6434,upbeat.miami,premium,47.2,21.24,high,low,6,namesilo,,,04/09/2026 01:23
7ffa2563-f49c-4bd8-a7a2-5209297401f4,suppressed.miami,available,23.49,23.49,high,medium,10,namesilo,,,10/09/2026 12:14
6a0e73fb-1e1a-4ed8-a829-dfcf2edb960c,gertrude.miami,premium,,,medium,low,8,,,,28/09/2026 21:50
a155b47f-ac35-46f2-8d40-a031c10f8399,herkimer.miami,available,19.48,19.48,medium,low,8,dynadot,,,01/10/2026 10:24
cd996690-e78c-406a-b0d8-56cb958b34c7,shillings.miami,available,23.49,23.49,low,low,9,namesilo,,,30/09/2026 06:43
a3253856-c88c-4ee6-9467-3edf4d4c1974,newbury.miami,available,19.48,19.48,high,low,7,dynadot,,,28/09/2026 03:59
46e3a7db-b358-4d0e-9c0e-90fe4ff8892b,travelling.miami,premium,96,21.24,high,low,10,namesilo,,,30/09/2026 13:50
e77aa61b-47db-4a2b-a8d2-c91f89b70d92,planar.miami,available,23.49,23.49,high,low,6,namesilo,,,08/09/2026 20:37
e3362edd-7e7d-4dbc-8734-8445abea8673,enable.miami,available,24.98,30.98,high,low,6,namecheap,,,30/09/2026 19:00
0e8b9a47-12de-4aa7-a32c-2fa585fb2d05,mojo.miami,premium,242,21.24,high,medium,4,namesilo,,,30/09/2026 04:53
6c36ac47-328d-4126-bf86-e7851148734a,points.miami,available,23.49,23.49,high,low,6,namesilo,,,
5d884f3d-b1e3-466d-aa02-1f6a0988800b,vere.miami,available,23.49,23.49,medium,low,4,namesilo,,,29/09/2026 04:28
7f3062bf-783d-4f1e-a7b6-152ce6b53935,evitable.miami,available,23.49,23.49,medium,low,8,namesilo,,,07/08/2026 22:45
a0685bc6-cb05-4367-809d-e4968c913bc7,narration.miami,available,23.49,23.49,high,low,9,namesilo,,,03/09/2026 13:18
8ea50d0b-08a1-40b0-babc-88f44d351ae9,bendable.miami,available,23.49,23.49,medium,low,8,namesilo,,,09/08/2026 14:07
32965a07-790b-4632-b095-51c869726d1f,saltish.miami,available,24.98,30.98,high,medium,7,namecheap,,,09/09/2026 20:57
8228028f-8558-4eb5-ac2d-5a5db064fad6,nut.miami,premium,96,21.24,high,low,3,namesilo,,,10/09/2026 00:12
09d5339e-1cd5-4b94-9bd8-a9ff4b2b543f,will.miami,premium,47.2,21.24,high,medium,4,namesilo,,,30/09/2026 14:37
2767f4b7-a66c-43de-ba3c-7639a33b599f,acanthion.miami,available,24.98,30.98,medium,low,9,namecheap,,,16/09/2026 20:39
559a468d-8e23-4719-9566-7549b8b47066,deducible.miami,available,23.49,23.49,medium,low,9,namesilo,,,13/08/2026 22:25
17172e35-9e14-4be9-907a-64d982695939,fleshy.miami,available,23.49,23.49,medium,low,6,namesilo,,,18/08/2026 08:02
dec95b5a-788a-4cf8-89a8-cb7f8c354ee0,spade.miami,premium,,,high,low,5,,,,30/09/2026 02:04
42c525ed-65de-4fea-b426-ce7be58ea093,framing.miami,premium,242,21.24,high,low,7,namesilo,,,29/09/2026 01:00
18ba91e5-8981-4e2c-85c3-70d13e7e2008,sensual.miami,available,23.49,23.49,high,low,7,namesilo,,,22/09/2026 04:34
1293b547-2432-473d-b52b-fceec524e409,influencing.miami,available,19.05,19.05,high,low,11,porkbun,,,01/10/2026 22:55
d9a87f4a-a861-4fcd-aafb-4cf45eef58b7,sonia.miami,premium,,,high,low,5,,,,28/09/2026 03:44
a5d1beab-cf9c-49a8-ab41-0334bf7b9fd5,precocious.miami,available,23.49,23.49,high,medium,10,namesilo,,,09/09/2026 01:16
0d45e2a7-e002-4ede-9993-fb77bd2b1664,rewards.miami,available,19.05,19.05,high,low,7,porkbun,,,28/09/2026 08:14
d5816e49-1509-4165-bca8-0e18e1e9869e,prefixed.miami,available,18.2,18.2,medium,low,8,cloudflare,,,30/09/2026 23:59
25ca4c8a-6054-412b-88a3-525dd895c1bb,survival.miami,available,23.49,23.49,high,low,8,namesilo,,,27/09/2026 14:56
42f051c8-e11c-44ba-aacb-9fef57836516,robes.miami,available,23.49,23.49,medium,low,5,namesilo,,,29/09/2026 23:27
8b1b5a98-0ba0-4135-8a9e-715e615c10b0,hostility.miami,available,23.49,23.49,medium,low,9,namesilo,,,19/09/2026 12:25
58eea366-c79f-49c0-98a8-a21df35eb42c,discontinued.miami,available,23.49,23.49,medium,low,12,namesilo,,,30/09/2026 23:13
b2e36bc6-d618-4dab-a102-597473add1d6,detecting.miami,available,18.88,18.88,high,low,9,spaceship,,,29/09/2026 14:14
69bba895-7284-4cfa-af01-78523cba7195,antibiotic.miami,available,23.49,23.49,high,low,10,namesilo,,,22/09/2026 06:14
e00199e4-efa9-442c-9cf5-39051b5eb7c2,ashur.miami,available,23.49,23.49,medium,low,5,namesilo,,,20/09/2026 13:50
6ed3ffcb-e24d-4baf-8504-dfcde6a73d52,curved.miami,available,23.49,23.49,high,low,6,namesilo,,,13/08/2026 11:47
5676eaa1-907f-48b6-b85d-fdf0c9f917cd,satisfying.miami,available,23.49,23.49,high,low,10,namesilo,,,12/08/2026 03:47
0249954a-df93-4d57-bd4d-e22f7b7788df,hamilton.miami,premium,52,23.4,high,medium,8,namecheap,,,28/09/2026 20:18
623b9eb1-e5e4-4a06-bd01-b212e6d7efd9,aimlessly.miami,available,24.98,30.98,medium,low,9,namecheap,,,13/09/2026 18:28
cadd547f-3c03-49d3-a2fc-eef70a6a7304,looseleaf.miami,available,23.49,23.49,high,low,9,namesilo,,,24/08/2026 09:43
c4f796b9-bd89-4bc3-80b0-859d297f2e7b,hair.miami,premium,4367.16,20.18,high,low,4,porkbun,,,29/09/2026 20:14
ebe8632a-2d73-4957-b3f9-e40cb05251a0,getting.miami,available,19.48,19.48,high,low,7,dynadot,,,28/09/2026 17:59
5b961d89-f60f-4ec0-bd64-d0b3d5a751d7,stylish.miami,premium,260,23.4,high,low,7,namecheap,,,24/09/2026 17:15
ed35b314-4f06-49b9-9e20-17dfb7fdcb49,riant.miami,available,24.98,30.98,medium,low,5,namecheap,,,22/08/2026 20:55
26b80e70-4ace-4d16-9ca1-9fd534a4cc9e,frowning.miami,available,23.49,23.49,medium,low,8,namesilo,,,18/08/2026 16:40
b9d30c90-779d-4068-829a-00a398778821,fought.miami,available,23.49,23.49,medium,low,6,namesilo,,,
f16a5ebb-072d-4e5c-ba3d-7ffae19fef28,adopted.miami,premium,96,21.24,high,low,7,namesilo,,,
43f192e2-7873-4906-a559-6ba877f8c3ab,entrances.miami,available,24.5,,medium,low,9,unstoppable,,,30/09/2026 07:42
e4e914c6-fd93-4431-9139-cf2ea30bf182,musique.miami,available,23.49,23.49,high,low,7,namesilo,,,29/09/2026 10:25
a48a76e5-e6a6-4f93-aba0-124387060ed2,gene.miami,premium,47.2,21.24,high,low,4,namesilo,,,29/09/2026 09:24
5f3b1ad3-6046-484b-b243-e260f259a9b0,stiff.miami,available,24.98,30.98,medium,low,5,namecheap,,,09/08/2026 16:54
67b41d3d-e3f8-4cca-9092-88e1fe6b0da8,extending.miami,available,24.5,,medium,low,9,unstoppable,,,29/09/2026 10:43
d56165b0-405e-4668-84ff-90571215b5eb,laos.miami,available,24.98,30.98,high,high,4,namecheap,,,01/10/2026 02:50
4af82b7a-9678-4c1b-9c1d-6a29e3d65efe,saints.miami,available,19.05,19.05,medium,low,6,porkbun,,,28/09/2026 16:34
c32a32d5-0567-46ad-9609-420e931d1935,retained.miami,available,18.88,18.88,high,low,8,spaceship,,,27/09/2026 13:05
b06b6de6-d2be-42c1-abda-9d5c712d0ed3,lcd.miami,premium,47.2,21.24,high,low,3,namesilo,,,30/09/2026 02:27
a9d60c7d-9508-45a4-ada8-aa17dd26feb0,session.miami,available,18.88,18.88,high,low,7,spaceship,,,28/09/2026 17:16
615f23f5-182e-462a-9dc1-65eac701e4e1,wares.miami,available,18.2,18.2,medium,low,5,cloudflare,,,30/09/2026 20:59
53620279-24ac-459b-b031-f2a5f3972621,melanie.miami,premium,47.2,21.24,medium,low,7,namesilo,,,27/09/2026 07:18
2cdf82ea-771c-46a5-9be8-0301d8143d9e,blamed.miami,available,23.49,23.49,medium,low,6,namesilo,,,10/08/2026 12:39
a4fd42eb-8f19-47de-80b9-0daa00f477b7,nations.miami,available,18.88,18.88,medium,low,7,spaceship,,,27/09/2026 22:54
fc2bab3b-6732-4179-952d-2a2eeb7ab0b1,bahraini.miami,available,23.49,23.49,high,low,8,namesilo,,,08/08/2026 08:36
6c019a95-2559-423f-a1fe-f80adbc79d85,exciting.miami,available,24.98,30.98,high,low,8,namecheap,,,24/09/2026 15:57
bc51dbb2-2873-4383-95d0-7c2e5d9bc0f6,uniforms.miami,premium,96,21.24,medium,low,8,namesilo,,,28/09/2026 00:32
e1a2506b-cc9c-4fd0-a881-4fc83c6529b2,assisting.miami,available,18.88,18.88,high,low,9,spaceship,,,29/09/2026 14:47
0f1dee9e-5ea7-47ff-b0d8-e2e6a8656156,miniscule.miami,available,23.49,23.49,medium,low,9,namesilo,,,24/08/2026 23:55
54ae4017-cdea-4333-a8d3-89325c3c8495,courses.miami,premium,96,21.24,high,low,7,namesilo,,,
63fb213f-2069-44b7-858d-821c95665927,rutland.miami,available,24.98,30.98,medium,low,7,namecheap,,,27/09/2026 05:16
40102339-fa06-41e5-a17b-83880322afb1,splendor.miami,available,23.49,23.49,high,low,8,namesilo,,,30/09/2026 08:50
69ff2503-37d6-4fd4-b2e5-95d8ce97339b,donee.miami,available,23.49,23.49,medium,low,5,namesilo,,,09/08/2026 14:26
61dc4336-c9e4-43d6-addb-09346cbea775,cbt.miami,premium,83,18.83,high,low,3,spaceship,,,01/10/2026 15:54
d11dade4-7479-46cd-9317-b95056a3615a,werewolf.miami,available,18.88,18.88,high,low,8,spaceship,,,01/10/2026 20:23
c0f67f3f-4f67-402e-a21e-3bdb8295ad8b,papillary.miami,available,23.49,23.49,medium,low,9,namesilo,,,05/09/2026 01:21
26cff9e0-2b35-4059-992b-96cf426264de,gate.miami,premium,83,18.83,high,low,4,spaceship,,,29/09/2026 20:46
c433eda8-dbe4-4a67-8e7a-957b2e45ed1e,interruption.miami,available,18.2,18.2,medium,low,12,cloudflare,,,29/09/2026 15:58
229410f6-c9c9-40ad-8ffe-66c7cd06bfb1,woodpecker.miami,available,23.49,23.49,high,low,10,namesilo,,,30/09/2026 10:50
5204b8d7-335b-4d25-9a1e-76a8ae53a32b,variety.miami,available,24.98,30.98,high,low,7,namecheap,,,25/09/2026 12:52
fdf737e9-7558-478f-b608-b9d4e678fcc3,superiority.miami,available,24.5,,high,low,11,unstoppable,,,29/09/2026 16:23
a28fb7d3-76a7-435b-90de-ba2026bbc5d6,snoop.miami,available,19.05,19.05,high,low,5,porkbun,,,01/10/2026 21:43
e41760af-6f8e-4ca7-9544-7d43037447e9,tobacco.miami,premium,104,23.4,medium,low,7,namecheap,,,29/09/2026 00:12
e192a564-992e-4c68-969d-4c3535d18672,earlier.miami,available,23.49,23.49,high,low,7,namesilo,,,24/09/2026 12:52
0f350a6c-702c-4085-9e95-b9d1a86eec9e,picnic.miami,available,24.98,30.98,high,low,6,namecheap,,,24/09/2026 14:34
15f7fd9f-1e34-4b54-94c3-6fce5b967c41,shaw.miami,premium,47.2,21.24,high,low,4,namesilo,,,19/09/2026 09:59
4c07b0f2-07f0-4405-9898-0a31edea8fb4,hormonal.miami,available,23.49,23.49,medium,low,8,namesilo,,,21/08/2026 14:02
ad362196-a5c4-455e-a8af-2409cd5c01df,dba.miami,premium,96,21.24,high,low,3,namesilo,,,30/09/2026 01:16
7d2145a8-2000-4edd-9f89-2c7d2765eac1,endergonic.miami,available,23.49,23.49,medium,low,10,namesilo,,,17/08/2026 00:55
d1f306e1-64d4-4f28-ac52-81f7d2462bc7,cinema.miami,premium,96,21.24,high,low,6,namesilo,,,01/10/2026 03:10
8891f88f-456e-40b8-833b-3d0f1df09cc8,dissolve.miami,available,24.5,23.49,high,low,8,unstoppable,,,29/09/2026 16:16
8e3bd6a4-03d2-4b98-96e2-75f7b7631aba,unfunny.miami,available,23.49,23.49,medium,low,7,namesilo,,,12/09/2026 11:05
d89ab903-c9ce-4a3a-b002-a5b1cc8237b3,ebullient.miami,premium,47.2,21.24,high,low,9,namesilo,,,14/08/2026 23:20
5298b147-448f-46c5-8b93-84b407801d13,adolescent.miami,available,24.98,30.98,high,low,10,namecheap,,,21/09/2026 19:03
e8c2e999-ca47-4089-bcf9-7b6a345e5143,embryo.miami,available,19.05,19.05,high,low,6,porkbun,,,30/09/2026 16:45
688ecac4-928e-44aa-9d46-f3c2166448a7,ramayana.miami,available,19.05,19.05,medium,low,8,porkbun,,,01/10/2026 21:26
db4a9436-6027-47ec-a4e9-3ec897aad6ba,dolby.miami,available,35.99,35.99,high,medium,5,godaddy,,,30/09/2026 01:20
609ecb9d-9b03-4452-bc42-13e5b55f178d,apprentice.miami,available,23.49,23.49,high,low,10,namesilo,,,19/09/2026 22:15
1f162bbc-505d-4692-97b9-6372aa92f245,lilting.miami,available,23.49,23.49,high,low,7,namesilo,,,23/08/2026 08:41
8f55d4c9-d9cb-476e-b5b4-5628f19501ce,outward.miami,available,24.98,30.98,high,low,7,namecheap,,,04/09/2026 19:00
40483efc-fd65-42e2-95a7-6866be7c0ca0,seized.miami,available,30.98,,medium,low,6,namecheap,,,
73e47c00-06f9-4a1f-9eaa-61b96d64930f,netted.miami,available,23.49,23.49,medium,low,6,namesilo,,,03/09/2026 16:02
827084fa-785e-4480-8e58-8b3cfae6d5ab,some.miami,premium,47.2,21.24,high,low,4,namesilo,,,19/09/2026 12:35
064f5a0a-e6d2-4d6e-98f4-202a156cb5fd,figure.miami,premium,47.2,21.24,high,low,6,namesilo,,,24/09/2026 16:50
de1b19ce-4904-4cec-9bac-690403e83208,compost.miami,premium,44,19.48,high,low,7,dynadot,,,02/10/2026 04:25
27660217-23f0-4db8-ab09-959299fa4fef,retreat.miami,available,23.49,23.49,high,low,7,namesilo,,,29/09/2026 11:58
f333050e-8b25-4540-b366-f5a3b4a4a6de,deejay.miami,available,18.88,18.88,high,low,6,spaceship,,,01/10/2026 18:26
0826c703-bf55-4d09-93a4-72da5b449070,papery.miami,available,23.49,23.49,medium,low,6,namesilo,,,12/08/2026 02:43
c00059ec-4673-4915-8697-2d08b10bc4e9,letup.miami,available,23.49,23.49,medium,low,6,namesilo,,,
c5402c5f-c9e7-47ae-ac5a-4d372f6cd750,gypsy.miami,available,23.49,23.49,high,low,5,namesilo,,,10/08/2026 17:21
06a07f91-eee7-4ef9-9bfd-61b128d04b94,fresher.miami,available,23.49,23.49,high,low,7,namesilo,,,18/08/2026 15:22
b7688a04-c166-41de-ab5f-818f99f84348,scarce.miami,available,23.49,23.49,medium,low,6,namesilo,,,09/09/2026 22:53
fc5bce43-ab6d-43ff-aceb-5052d23f4449,nonesuch.miami,available,24.98,30.98,medium,low,8,namecheap,,,03/09/2026 20:13
d9ae2623-4036-47db-8dca-22d089974901,putnam.miami,available,23.49,23.49,medium,low,6,namesilo,,,25/09/2026 16:07
fb967095-3aa7-4fe7-a2b6-0bed8617d585,canary.miami,available,23.49,23.49,high,low,6,namesilo,,,11/08/2026 16:10
ad6222c4-b4e0-4ee6-a45f-9e0d9cc4a3bc,quintuple.miami,available,23.49,23.49,medium,low,9,namesilo,,,18/08/2026 05:54
dc7d5346-c52e-4713-91bf-f3d094ef5d34,caliber.miami,available,24.98,30.98,high,low,7,namecheap,,,24/09/2026 11:44
b2d0b817-d455-40da-9e26-ad472ffea24f,misery.miami,available,23.49,23.49,medium,low,6,namesilo,,,27/09/2026 04:46
4a9806c8-b8e6-4299-946d-f361e74fd216,structurally.miami,available,24.98,30.98,medium,low,12,namecheap,,,17/09/2026 20:10
c3fe067b-d8f2-49a1-a497-a2f6272db981,biennial.miami,available,24.98,30.98,high,low,8,namecheap,,,09/08/2026 19:52
5a8afb8d-a2a4-40d0-81a4-fdbe2fb9daa1,being.miami,premium,96,21.24,high,low,5,namesilo,,,23/09/2026 04:18
fd2b473c-9e24-4512-a085-695950d4c04c,croat.miami,available,23.49,23.49,high,low,5,namesilo,,,13/08/2026 07:34
fb5fb601-15e7-4a68-b490-d04485d371e0,helmet.miami,available,24.98,30.98,high,low,6,namecheap,,,25/09/2026 23:05
6066dd55-1298-4f8e-aff7-6bb38a2adec8,tined.miami,available,23.49,23.49,medium,low,5,namesilo,,,09/09/2026 03:20
c84c5d60-5ce4-4f5c-ba4c-3cb9d6fffd19,rambo.miami,available,23.49,23.49,high,low,5,namesilo,,,01/10/2026 23:13
2a859788-e9b0-4f04-b866-d6854723dd14,addicts.miami,available,35.99,35.99,medium,low,7,godaddy,,,01/10/2026 00:46
700938ea-169c-4754-b82a-c6296690f070,thallium.miami,available,23.49,23.49,medium,low,8,namesilo,,,20/09/2026 23:51
e3cf8856-dbfc-465c-9452-36b729c2fc89,cbi.miami,premium,41.6,18.83,high,low,3,spaceship,,,29/09/2026 15:19
8ca3858a-7b18-4ef8-80cf-f56e0d2abe75,ribs.miami,premium,47.2,21.24,medium,low,4,namesilo,,,28/09/2026 00:08
0ed2c215-3db0-4d10-83e9-6f733c97ff46,relative.miami,available,24.98,30.98,high,low,8,namecheap,,,12/08/2026 21:33
8ce71118-b20e-46b2-af85-45585090f71f,perimeter.miami,available,19.48,19.48,high,low,9,dynadot,,,28/09/2026 01:41
3f64d321-a79b-4f0c-987d-e63e4284a2de,travelled.miami,available,23.49,23.49,high,low,9,namesilo,,,28/09/2026 09:32
6acb60af-8af3-42e7-9d3d-5a3cd58be8ff,memoirs.miami,available,23.49,23.49,medium,low,7,namesilo,,,30/09/2026 06:59
3d4ca99c-d715-4520-a52d-e10fb3602a7e,factors.miami,available,18.88,18.88,medium,low,7,spaceship,,,29/09/2026 10:49
f8f6b9d8-d3a2-4dc6-a161-dd6eca9b8910,unreliable.miami,available,24.98,30.98,medium,low,10,namecheap,,,11/09/2026 19:06
d4d41433-1f7e-4195-99a8-54740e0f19cd,hannibal.miami,available,23.49,23.49,high,low,8,namesilo,,,27/09/2026 04:24
006803b9-afe9-49e1-836e-c173af8a7fec,chelonian.miami,available,23.49,23.49,low,low,9,namesilo,,,12/08/2026 04:08
6828dbc0-a1b9-45e8-8345-c462485e69cd,recorded.miami,available,23.49,23.49,high,low,8,namesilo,,,27/09/2026 10:58
4101462e-ad97-4191-ab5b-3f1e7cab6749,agra.miami,available,24.98,30.98,high,low,4,namecheap,,,17/09/2026 19:09
35a5f7f8-f21d-424e-a622-efcdba71db77,whisky.miami,premium,104,23.4,high,low,6,namecheap,,,29/09/2026 08:20
3be63a9b-1cf0-4c3f-a133-a4acfc8d8f6d,societies.miami,available,23.49,23.49,high,low,9,namesilo,,,30/09/2026 06:42
ec58ba53-42e6-4367-a9dc-c8d1ff3daf29,elemental.miami,available,23.49,23.49,high,low,9,namesilo,,,16/08/2026 03:29
83c1dd3a-8287-43ad-a78f-14bbf020a770,resident.miami,available,24.98,30.98,high,low,8,namecheap,,,03/09/2026 19:51
b0051683-88f2-44c6-917f-6d8239b3730d,flew.miami,premium,47.2,21.24,high,low,4,namesilo,,,30/09/2026 22:39
209e3e85-4f8b-49d9-b518-a437ddbcb97d,lenz.miami,available,24.5,,high,low,4,unstoppable,,,02/10/2026 03:05
e8709b27-d2d7-445b-acbf-0a2a3cdb4f6b,pockets.miami,available,23.49,23.49,medium,low,7,namesilo,,,27/09/2026 02:53
91d60a46-0a20-49f5-8399-aaae0b4efd1c,hamster.miami,available,23.49,23.49,high,low,7,namesilo,,,01/10/2026 02:24
f57bcd3f-cf05-4b09-90ab-9d36e12b2061,literature.miami,available,23.49,23.49,high,low,10,namesilo,,,24/08/2026 02:03
b1b1c671-daf0-4b0a-bf7a-92a0c40ed777,ruinous.miami,available,23.49,23.49,medium,low,7,namesilo,,,10/08/2026 13:28
efdcd2f2-cb90-4a6e-96ca-521324d85750,sneezing.miami,available,23.49,23.49,medium,low,8,namesilo,,,30/09/2026 11:18
169a39fe-1bd3-4d41-8e43-5f47460c2bac,slab.miami,premium,52,23.4,high,low,4,namecheap,,,28/09/2026 20:30
652ffa21-78d7-4795-8a83-863f0e6527b2,recipes.miami,premium,4000.5,,medium,low,7,unstoppable,,,29/09/2026 06:03
b80bcee7-0aaf-4a40-9ba0-cc1111b695e6,vanguard.miami,available,,,high,high,8,,,,
12e545f2-95f1-4bbe-9c3a-9b78936afe61,carson.miami,premium,,,high,low,6,,,,28/09/2026 01:36
4c6ae193-ac74-4f51-9d7a-b23365a94b04,victorious.miami,available,23.49,23.49,high,low,10,namesilo,,,13/09/2026 05:28
865b1a07-82ae-47c0-9543-f816c339d2a5,dollar.miami,available,19.05,19.05,high,low,6,porkbun,,,29/09/2026 16:27
d7555805-0a08-46ce-a50f-e85d5062636e,counted.miami,available,30.98,,medium,low,7,namecheap,,,
c32874dd-5899-431f-8498-ac4feab6f899,dinosaur.miami,available,23.49,23.49,high,low,8,namesilo,,,29/09/2026 15:02
8685076f-ef84-4e2d-981a-161b6748cc8f,lascivious.miami,available,24.98,30.98,medium,low,10,namecheap,,,22/08/2026 20:04
15e87d03-e675-45ee-8169-bde7eeabcea0,relay.miami,premium,41.6,18.83,high,medium,5,spaceship,,,28/09/2026 09:35
8bab513e-6d97-4bda-93ce-1e7adc6420ae,corrugated.miami,available,23.49,23.49,medium,low,10,namesilo,,,13/08/2026 02:13
edc66651-6c8d-4ba1-aff5-67372a2ec8de,warned.miami,available,23.49,23.49,medium,low,6,namesilo,,,18/09/2026 02:46
43fc1497-68c4-42a8-b0fd-65eefc187a97,opel.miami,available,19.48,19.48,high,medium,4,dynadot,,,30/09/2026 10:39
fec21f9f-6b43-4cf0-9c61-3d115b6f5227,rapist.miami,available,23.49,23.49,high,low,6,namesilo,,,30/09/2026 10:57
b042a35f-d80d-4ddb-bb12-10eadb6186d3,foia.miami,available,19.48,19.48,high,low,4,dynadot,,,30/09/2026 11:49
150e6afe-480f-4737-a15d-e04d6ea37904,achene.miami,available,23.49,23.49,medium,low,6,namesilo,,,17/09/2026 00:28
605ac733-9ea8-433f-8341-5dfb1d7a48ec,bextra.miami,available,24.98,30.98,medium,low,6,namecheap,,,23/09/2026 12:09
3e1e713b-0de9-4ae0-8c83-e5f8dedfddfe,inception.miami,available,18.88,18.88,high,low,9,spaceship,,,29/09/2026 23:45
16ea07f1-2ade-4248-8d6e-4bac8e241f69,justine.miami,premium,52,23.4,medium,low,7,namecheap,,,29/09/2026 15:24
30dd5d61-6b84-444c-a104-3f576cfe1e4f,vertigo.miami,available,18.2,18.2,high,low,7,cloudflare,,,01/10/2026 01:46
b9c1e6eb-43d6-40e8-a180-a305798eee1d,diacritic.miami,available,23.49,23.49,medium,low,9,namesilo,,,14/08/2026 05:43
6d4970ed-6bf8-48ba-a00d-879189c4763a,pretzel.miami,available,24.98,30.98,high,low,7,namecheap,,,30/09/2026 07:15
520a70db-8de4-4855-a97f-6e34a0c7ac52,knightly.miami,available,23.49,23.49,high,low,8,namesilo,,,12/08/2026 06:11
8302c076-a859-469b-82b7-e6824820a70d,supermarkets.miami,available,24.98,30.98,high,low,12,namecheap,,,02/10/2026 03:57
f630d8a0-cd59-451c-a289-e18cc6cc7bc0,operator.miami,available,23.49,23.49,high,low,8,namesilo,,,25/09/2026 23:32
1f07d0b3-66ec-4be6-be20-9ae13edf7a3d,esther.miami,premium,52,23.4,high,low,6,namecheap,,,24/09/2026 06:50
015ad699-ffd3-4a25-80aa-78d1bbed9f4d,amundsen.miami,available,23.49,23.49,medium,low,8,namesilo,,,19/09/2026 00:12
1664db18-b5c7-4692-aa10-3eea24f1f650,daft.miami,premium,5000,30.99,high,low,4,name.com,,,06/08/2026 20:50
ee893844-c8b0-4a55-85cb-366864a4e26c,undertaker.miami,available,19.48,19.48,high,low,10,dynadot,,,30/09/2026 09:51
4775775b-970a-4d25-8ddd-09615cbc87bd,gallows.miami,available,23.49,23.49,medium,low,7,namesilo,,,30/09/2026 09:52
63165c7c-639f-4abc-b40a-aaaf366a80d6,enjoyed.miami,available,23.49,23.49,high,low,7,namesilo,,,25/09/2026 20:42
51e6a81c-fee2-4712-bcfc-b9141df4debe,ascendant.miami,available,23.49,23.49,high,low,9,namesilo,,,
2fe28148-fc23-4f1f-86b6-190da36979c9,orbital.miami,available,23.49,23.49,high,low,7,namesilo,,,04/09/2026 17:35
5479caac-6d20-48e1-bbe8-100ac565e6db,anoa.miami,premium,47.2,21.24,medium,low,4,namesilo,,,19/09/2026 11:10
1f0cd19b-4d24-400b-8999-e5e660a85477,scarcely.miami,available,23.49,23.49,medium,low,8,namesilo,,,09/09/2026 22:55
5b140074-93ce-4acf-b5b8-ffc7547e90cc,simian.miami,available,23.49,23.49,high,medium,6,namesilo,,,10/09/2026 08:14
7051521b-6633-4b57-8538-3bde669ea947,bsc.miami,premium,5520,21.24,high,low,3,namesilo,,,28/09/2026 15:39
8fbd5801-3e7d-4f93-bac5-a9c040baba1d,balls.miami,available,18.88,18.88,high,low,5,spaceship,,,01/10/2026 19:31
d9de0ac2-8071-4c47-a96b-dbcf6d24fe78,brindle.miami,available,23.49,23.49,medium,low,7,namesilo,,,11/08/2026 04:17
8c5a82bf-5aeb-4be5-b3ab-642863f4bd9d,catchy.miami,available,24.98,30.98,high,low,6,namecheap,,,11/08/2026 21:20
b7733eda-5c01-42e2-a92b-411fc8e5c772,guessed.miami,available,19.48,19.48,low,low,7,dynadot,,,29/09/2026 11:03
c9938a1e-872c-4cac-af65-9bb434a7f98d,disobedience.miami,available,23.49,23.49,medium,low,12,namesilo,,,16/09/2026 12:19
3c954199-e76e-4259-bd57-06fa119f0a60,inclusion.miami,available,19.05,19.05,high,low,9,porkbun,,,02/10/2026 04:18
e8aef35d-ecb4-4232-9c95-dadb939268fb,doc.miami,premium,104,23.4,high,medium,3,namecheap,,,24/09/2026 16:30
7b31549a-955c-40ff-a622-03c941b63d85,roaming.miami,available,23.49,23.49,high,low,7,namesilo,,,30/09/2026 23:48
b2f4ab0a-c000-4784-aece-91022353f620,agastache.miami,available,23.49,23.49,medium,low,9,namesilo,,,17/09/2026 16:24
ea7770b4-ab70-4dbc-bf9f-535c765d3bdd,changed.miami,available,23.49,23.49,high,low,7,namesilo,,,12/08/2026 01:53
a7072642-2b06-42b8-a1ec-e04dd2c9bbf8,authors.miami,available,24.5,,medium,low,7,unstoppable,,,29/09/2026 23:35
282d0c6e-95ce-4970-a9ac-2eabb18cf5ae,humanistic.miami,available,23.49,23.49,high,low,10,namesilo,,,21/08/2026 14:53
d0122a4d-9a08-46a4-9676-e5b2e8e60bd2,pitiless.miami,available,24.98,30.98,high,medium,8,namecheap,,,08/09/2026 20:05
b37977ae-43ad-4c17-9042-2cca0d20800b,albinism.miami,available,23.49,23.49,medium,low,8,namesilo,,,18/09/2026 02:54
6033545f-ec6d-4293-b676-1bde263f8a07,gran.miami,premium,40.5,,high,low,4,unstoppable,,,29/09/2026 21:17
988ae6e7-7b7d-4091-934e-cad2710fd17b,sonny.miami,premium,41.6,18.83,high,low,5,spaceship,,,30/09/2026 17:50
35f028d8-52a3-47b9-bcf4-ccdb853e6f54,unsolved.miami,available,24.98,30.98,medium,low,8,namecheap,,,12/09/2026 18:23
f0c036c5-0304-4bfa-af7a-454f3cc1b2f2,upbringing.miami,available,18.2,18.2,high,low,10,cloudflare,,,29/09/2026 18:06
3218c7ec-4e8b-4df7-b864-2c6d21d1f9e3,period.miami,available,23.49,23.49,high,low,6,namesilo,,,29/09/2026 07:41
de7d2801-7016-4f95-9e97-0c51b8b89258,divorced.miami,premium,242,21.24,medium,low,8,namesilo,,,14/08/2026 14:01
472afe6d-8c9c-48c6-b0b6-912b8d44e317,coolness.miami,available,24.98,30.98,high,low,8,namecheap,,,24/09/2026 14:38
fa45a1d1-5dd0-41d1-960f-e71f0ba03efc,marly.miami,available,23.49,23.49,medium,low,5,namesilo,,,24/08/2026 16:08
67a7ebd3-edf5-4a6a-8e50-41a8eceae524,select.miami,premium,96,21.24,high,medium,6,namesilo,,,22/09/2026 23:07
b9996433-2850-4e82-900e-bc0e8675b8fe,refulgent.miami,available,23.49,23.49,medium,low,9,namesilo,,,15/08/2026 16:26
133539bf-af3b-4384-b477-e9e64b697dde,unflavored.miami,available,24.98,30.98,medium,low,10,namecheap,,,03/09/2026 19:15
bff0d45f-7230-47f0-b89d-6212d88cdd48,casper.miami,available,18.88,18.88,high,low,6,spaceship,,,29/09/2026 18:15
4e3157f0-81cc-4622-901c-ef200fb977a9,truman.miami,premium,41.6,18.83,medium,low,6,spaceship,,,28/09/2026 10:00
1a808d11-103f-46ae-8a17-8db4a916a477,concepts.miami,available,18.88,18.88,medium,low,8,spaceship,,,29/09/2026 22:50
729d8695-52f3-45e3-ac83-5dd2465e46ba,halal.miami,available,23.49,23.49,high,low,5,namesilo,,,20/08/2026 22:18
3322b72a-84b7-4a14-bf91-bb81232d97fb,paved.miami,available,23.49,23.49,high,low,5,namesilo,,,08/09/2026 10:53
d06a14ca-ba69-4493-a942-9287f62bb999,raleigh.miami,premium,47.2,21.24,high,low,7,namesilo,,,25/09/2026 03:57
2cd82371-286f-4f53-8e54-91640506778f,tommy.miami,premium,5000,30.99,high,medium,5,name.com,,,25/09/2026 11:48
9bf48055-2c5d-4b03-82df-7800701759c3,watchdog.miami,available,19.48,19.48,high,low,8,dynadot,,,01/10/2026 19:52
b4a63266-9326-416f-ae20-fae27036b787,talentless.miami,available,23.49,23.49,medium,low,10,namesilo,,,11/09/2026 07:28
0ad6e376-a25f-409e-8458-dfac4a030496,ackack.miami,available,23.49,23.49,medium,low,7,namesilo,,,
b18424be-37cd-4f33-93d0-d142dedc41f0,chives.miami,available,23.49,23.49,high,low,6,namesilo,,,18/09/2026 11:27
2ba7a801-d507-4f85-b90b-915ad3dafcb3,frogs.miami,available,18.2,18.2,medium,low,5,cloudflare,,,28/09/2026 18:14
14c6ad69-6659-4a48-b6dd-e4f8c1b531df,beginner.miami,available,23.49,23.49,high,low,8,namesilo,,,23/09/2026 02:23
bac6063b-b8f8-4e92-8419-7a170594668a,aalto.miami,available,24.98,30.98,high,low,5,namecheap,,,16/09/2026 13:16
c56eeb20-c4d7-4046-aa37-374c1ff00e67,end.miami,premium,96,21.24,high,low,3,namesilo,,,19/09/2026 15:33
8614a36f-079e-42f6-990f-3379c2076b75,aseptic.miami,available,23.49,23.49,high,low,7,namesilo,,,22/09/2026 09:33
5cfc0fdd-d4ac-4e86-9ca7-5c9ce3260376,blackboard.miami,premium,47.2,21.24,high,low,10,namesilo,,,24/09/2026 02:09
2c9ba173-3dea-4c16-8b6a-70a66c1a923e,aster.miami,available,23.49,23.49,high,low,5,namesilo,,,20/09/2026 16:56
1d54a7cc-4275-45a6-a855-9288b6bfde72,ssl.miami,premium,47.2,21.24,high,low,3,namesilo,,,01/10/2026 23:47
97e47486-77c5-4992-a143-bed01a9eeaf9,chest.miami,available,23.49,23.49,high,low,5,namesilo,,,24/09/2026 10:14
60738f20-2673-4bf0-aa56-f76c63ada2f7,canadian.miami,available,23.49,23.49,high,low,8,namesilo,,,23/09/2026 12:40
c590480b-c378-4657-b42e-d08505b667a3,silvia.miami,premium,44,19.48,medium,low,6,dynadot,,,29/09/2026 12:28
b5d60e5d-5a3d-4e6f-8a96-336a27a88974,cheetos.miami,available,24.98,30.98,high,low,7,namecheap,,,21/09/2026 04:04
b0319f51-00ae-4480-b7fd-02c31edceb42,shows.miami,premium,5200,23.4,high,low,5,namecheap,,,18/09/2026 14:42
b74c7b49-4911-4878-9599-3bf64462f4fe,requiring.miami,available,23.49,23.49,medium,low,9,namesilo,,,30/09/2026 03:46
1db04a31-68c1-446c-ba1c-1e36464544f7,diploid.miami,available,23.49,23.49,medium,low,7,namesilo,,,14/08/2026 08:26
d056a6a0-835f-4e7d-8857-95fe03eee496,jesus.miami,premium,96,21.24,high,medium,5,namesilo,,,29/09/2026 09:01
859e4807-3bca-478a-8081-7d33ce9b34dd,grub.miami,premium,96,21.24,high,low,4,namesilo,,,11/08/2026 09:30
059d4be1-aef7-423c-b4ba-33e1cac190de,abasic.miami,available,23.49,23.49,medium,low,6,namesilo,,,
ffa8022b-68a6-42dd-9ef7-21a809357c03,haploid.miami,available,23.49,23.49,medium,low,7,namesilo,,,20/08/2026 23:55
621ff57d-75b9-4af1-8b6b-50a33e9ca2b5,checkmate.miami,available,23.49,23.49,high,low,9,namesilo,,,24/09/2026 14:02
f01dac1d-38c2-449c-922f-d0058b999a3f,courtroom.miami,available,18.2,18.2,high,low,9,cloudflare,,,29/09/2026 11:50
0afb59bc-4f46-43ef-b159-cae1a9904a00,picaresque.miami,available,24.98,30.98,high,medium,10,namecheap,,,08/09/2026 19:30
ebd8be23-c486-4033-b20f-03b619fbc02d,mademoiselle.miami,available,19.48,19.48,high,low,12,dynadot,,,30/09/2026 19:38
ca414f92-6897-4ba3-9c30-82f62ba2b2a4,skid.miami,premium,47.2,21.24,high,low,4,namesilo,,,30/09/2026 08:49
93be8c60-3fe4-49a6-a33e-bec4860b70e8,worse.miami,available,23.49,23.49,high,low,5,namesilo,,,28/09/2026 10:56
ddb2d287-18fc-413a-97fe-efaef54f2d27,relentless.miami,available,23.49,23.49,high,low,10,namesilo,,,20/08/2026 20:05
062fa373-2bbc-4101-affd-906c82f5b10b,defoe.miami,available,18.2,18.2,medium,low,5,cloudflare,,,30/09/2026 16:57
c12cf147-da49-4d1f-bd9f-7f601b03a4e8,egyptians.miami,available,24.5,,medium,low,9,unstoppable,,,30/09/2026 07:12
a0b106fe-c102-444a-98c4-373ae973a406,reap.miami,premium,,,high,low,4,,,,30/09/2026 01:50
441fec3a-58a2-421a-b673-d4b32e7d1a2b,filings.miami,available,23.49,23.49,low,low,7,namesilo,,,
107d583e-8fbd-4d90-8bc5-fc5adfb2a6ee,assuredly.miami,available,23.49,23.49,medium,low,9,namesilo,,,13/09/2026 22:09
bc10a46f-4ab3-4911-8610-3b1b8d6c4d89,elliptical.miami,available,23.49,23.49,high,low,10,namesilo,,,15/08/2026 18:01
6fe71dbb-54b7-497e-887a-05d590625e85,deathly.miami,available,30.99,30.99,medium,low,7,name.com,,,13/08/2026 19:31
c474eced-7dd5-4415-abf9-19f91319e9b9,filmed.miami,premium,96,21.24,high,low,6,namesilo,,,18/08/2026 04:25
f08bf004-2b87-4a9e-9107-324c07dde669,rotary.miami,available,23.49,23.49,high,low,6,namesilo,,,04/09/2026 17:37
58932a12-2e39-40c0-bd94-a510abc9d1ec,improves.miami,available,19.48,19.48,medium,low,8,dynadot,,,01/10/2026 18:23
f125ad72-bf86-4e6c-a66e-4f48da6e284b,reviewers.miami,available,24.98,30.98,medium,low,9,namecheap,,,21/09/2026 09:06
8a951637-a769-4d95-a6fe-839585631c30,burrow.miami,available,19.48,19.48,high,low,6,dynadot,,,01/10/2026 01:13
a2ad2129-9bca-4bd8-a573-bd77bd477b89,penning.miami,available,23.49,23.49,medium,low,7,namesilo,,,21/09/2026 05:27
532587ed-cdf5-44a3-97ec-02fc5db9f51a,posts.miami,available,23.49,23.49,medium,low,5,namesilo,,,19/09/2026 00:49
f4c4101f-4f66-43c2-9a1c-963715d84c5e,annoyed.miami,available,23.49,23.49,medium,low,7,namesilo,,,22/09/2026 05:18
c1198449-890e-47c5-b105-8a3cc477192f,ardour.miami,available,23.49,23.49,medium,low,6,namesilo,,,20/09/2026 03:15
702c239c-a7fd-4e6c-bb69-af6d4bee47a7,ambushed.miami,available,18.2,18.2,medium,low,8,cloudflare,,,30/09/2026 20:14
d1041361-bf5a-45e4-8b2e-c436993954fe,vertebral.miami,available,23.49,23.49,medium,low,9,namesilo,,,13/09/2026 04:33
19e8aeef-ab8c-4d01-aa24-87f2bca80ccf,relates.miami,available,23.49,23.49,medium,low,7,namesilo,,,01/10/2026 00:18
78028b97-ee63-4ab0-b72a-d3f5985b5232,hint.miami,premium,47.2,21.24,high,low,4,namesilo,,,24/09/2026 16:07
effa1e9f-8a9f-4632-94bb-a2d763d9e4dc,monetary.miami,available,24.98,30.98,high,low,8,namecheap,,,25/09/2026 21:29
9dbc977b-aaca-4348-92c7-fbe259ea1093,regression.miami,available,23.49,23.49,high,low,10,namesilo,,,20/09/2026 09:08
31ec5b64-5352-45c6-a9f7-3ae1b904fe50,sleepily.miami,available,23.49,23.49,medium,low,8,namesilo,,,16/09/2026 02:32
365fc355-d747-4717-b327-a1218fa6d6b4,vital.miami,available,24.98,30.98,high,low,5,namecheap,,,18/08/2026 18:16
dfa7de69-1387-4013-972c-f6590cdf8d67,domed.miami,available,23.49,23.49,high,low,5,namesilo,,,14/08/2026 15:37
27dea62d-8adc-4a5a-a69f-f0f12d513948,heinz.miami,available,30.99,30.99,high,low,5,name.com,,,25/09/2026 07:09
769f118a-1583-42f9-a04e-da60d384f0fa,renewing.miami,available,23.49,23.49,high,low,8,namesilo,,,09/09/2026 14:06
6acc33a6-6787-4b62-a681-09ed2ca153ad,embassador.miami,available,24.98,30.98,high,low,10,namecheap,,,18/09/2026 16:29
7727d922-e922-413b-bbba-bfeaca28becf,frill.miami,available,23.49,23.49,high,low,5,namesilo,,,18/08/2026 23:46
37b02257-bda7-48c6-9163-e6d15d9154d0,subsidiaries.miami,available,23.49,23.49,medium,low,12,namesilo,,,20/09/2026 06:35
4a379364-d4ec-4e51-9b5e-a1874d6baf86,faulty.miami,available,23.49,23.49,medium,low,6,namesilo,,,13/08/2026 23:08
b39f1dbb-e7f2-402f-9e39-136e1120d1e9,rimmed.miami,available,23.49,23.49,medium,low,6,namesilo,,,09/09/2026 17:45
3cadd96c-425a-478a-9ddc-391d29d3d171,mines.miami,available,19.48,19.48,low,low,5,dynadot,,,28/09/2026 13:08
651e5814-4834-418d-ae37-c6abbe5fd4da,wears.miami,available,23.49,23.49,medium,low,5,namesilo,,,17/09/2026 10:43
7cb45308-aeea-4ef0-80cf-2bcdcd225503,bondable.miami,available,24.98,30.98,medium,low,8,namecheap,,,09/08/2026 23:59
f2904e24-e931-4315-b304-21bee937f8fe,bidens.miami,available,18.88,18.88,medium,low,6,spaceship,,,29/09/2026 02:29
100b7e4b-9ff4-43b2-9d4c-f414ae78406b,bragger.miami,available,23.49,23.49,medium,low,7,namesilo,,,11/08/2026 01:14
4587da86-58c6-4e95-8a43-6279acdd300d,rosedale.miami,available,19.48,19.48,high,low,8,dynadot,,,02/10/2026 01:06
d26f6442-f743-439e-9520-849d689d04d5,stowe.miami,available,19.05,19.05,medium,low,5,porkbun,,,28/09/2026 14:23
05459424-8c15-44f3-9c2a-3aa4dbedb51d,bounder.miami,available,23.49,23.49,medium,low,7,namesilo,,,24/09/2026 02:20
c9a314d9-d435-4738-ac35-a4f865b82116,dardan.miami,available,24.98,30.98,medium,low,6,namecheap,,,11/09/2026 20:19
e332d26a-e923-476e-bb3f-68420556c7a6,shielding.miami,available,18.2,18.2,high,low,9,cloudflare,,,30/09/2026 11:01
50f03045-75bf-4cb0-8f1b-eb1c642f8b40,genie.miami,premium,47.2,21.24,high,high,5,namesilo,,,30/09/2026 01:20
f0dc8616-90bd-43e8-9a1d-20e4dd2246cf,unofficial.miami,available,23.49,23.49,medium,low,10,namesilo,,,12/09/2026 16:10
0b8ab9d6-710b-44b7-83d6-bc580e91568b,stroll.miami,available,23.49,23.49,high,low,6,namesilo,,,18/09/2026 16:59
943613a6-44ed-4886-8604-423db7b00268,bout.miami,premium,41.6,18.83,high,low,4,spaceship,,,28/09/2026 18:28
10682d0a-5fc5-4109-ab80-5138b48e6927,tiring.miami,available,23.49,23.49,medium,low,6,namesilo,,,11/09/2026 16:24
909e62a4-5461-42e0-9d2c-ca565c09624c,philippi.miami,available,23.49,23.49,medium,low,8,namesilo,,,22/09/2026 15:38
68ae116e-f4bb-42d6-a3e3-e7bd598d77cb,fully.miami,available,24.98,30.98,high,low,5,namecheap,,,18/08/2026 17:52
4521e69a-90cb-41b3-8a00-5b1d840bd0e9,gelatinous.miami,available,24.98,30.98,medium,low,10,namecheap,,,18/08/2026 21:01
071e2e0f-ead5-457d-832f-5c07c0a471f0,steerable.miami,available,23.49,23.49,medium,low,9,namesilo,,,14/08/2026 09:00
dcba74cc-92f0-4ac9-b6a4-4846051787f3,cult.miami,premium,260,23.4,high,medium,4,namecheap,,,24/09/2026 19:17
a04bd351-d648-4b0b-b540-ab5e68a0d3ed,donkeywork.miami,available,24.98,30.98,medium,low,10,namecheap,,,08/09/2026 21:22
7a6f5850-1106-43e6-94a8-fee9e5437674,geology.miami,premium,88,19.48,high,low,7,dynadot,,,29/09/2026 07:05
f0e6987f-e4cc-4863-82f5-b14862962331,unicorn.miami,available,18.88,18.88,high,medium,7,spaceship,,,29/09/2026 14:05
bc4493c8-b190-45f9-8296-fb5c2397cbd0,tempers.miami,available,24.98,30.98,medium,low,7,namecheap,,,20/09/2026 14:00
6ab8cd38-35d8-42e3-89ad-b8e5b08e644e,extradition.miami,available,23.49,23.49,medium,low,11,namesilo,,,01/10/2026 15:51
294892f3-ce62-4d6e-9ae9-15c3fb18c2ff,schoolwide.miami,available,23.49,23.49,medium,low,10,namesilo,,,09/09/2026 23:18
417ca622-e9ca-426a-b141-2406c99b275e,meyers.miami,premium,44.19,20.18,high,low,6,porkbun,,,27/09/2026 20:50
63d6f41d-792b-4328-a17c-9d406f6ce381,bayesian.miami,available,23.49,23.49,medium,low,8,namesilo,,,09/08/2026 03:13
93fd9c67-6c3f-4f2c-93a6-4f2fd29e283f,nrl.miami,premium,,,medium,low,3,,,,28/09/2026 10:31
327d5bc9-b7b4-4b8e-b6bf-9d2027398845,rand.miami,premium,47.2,21.24,high,low,4,namesilo,,,21/09/2026 10:39
cf4cb34e-2a06-4755-bc64-c1e6869dff5a,dsl.miami,premium,40.5,,high,low,3,unstoppable,,,01/10/2026 01:45
c1bcfdce-1581-4b4d-ae77-8e00e01c2015,designing.miami,premium,96,21.24,high,low,9,namesilo,,,14/08/2026 03:45
68983fe5-7aa9-4b84-a1bb-b8e32f319ef5,quran.miami,available,23.49,23.49,high,medium,5,namesilo,,,18/09/2026 01:05
5db47ee3-0fe9-48fa-a74e-4c8e02c89e67,grandfather.miami,available,23.49,23.49,high,low,11,namesilo,,,30/09/2026 22:05
f0946a64-d237-4b27-847b-f7f938925d03,kiefer.miami,available,18.2,18.2,medium,low,6,cloudflare,,,01/10/2026 23:57
96234405-9453-4cc3-924a-a91004af9472,fried.miami,premium,242,21.24,medium,low,5,namesilo,,,13/08/2026 22:34
837d7be9-40c4-4c6a-958e-cd1ac3863a6b,palliative.miami,available,,,high,low,10,,,,
41db6191-df14-46c3-ab83-d539160f276f,alice.miami,premium,96,21.24,high,medium,5,namesilo,,,25/09/2026 13:23
3589b2a8-84f8-491e-8258-de0607de47c5,albizia.miami,available,23.49,23.49,high,low,7,namesilo,,,18/09/2026 03:01
31077635-efcd-4982-9ef9-bf6dbce47f6f,development.miami,premium,96,21.24,high,low,11,namesilo,,,01/10/2026 02:46
5be9da8a-16fd-4efd-9f32-a3083b8b39bf,isoclinic.miami,available,23.49,23.49,medium,low,9,namesilo,,,22/08/2026 11:02
ae288abf-6924-437b-966a-e33373f6a80d,beveridge.miami,available,23.49,23.49,medium,low,9,namesilo,,,23/09/2026 12:04
3ed45b7e-1da1-4ce5-8fd9-4aa701fddf37,delos.miami,available,18.88,18.88,high,low,5,spaceship,,,01/10/2026 23:44
e7c0a1e9-39bc-4d10-b05f-433ddd304de6,sinuate.miami,available,23.49,23.49,high,low,7,namesilo,,,10/09/2026 08:36
0083ae48-cef3-4efe-ab93-1fc6b21fea4e,braless.miami,available,23.49,23.49,low,low,7,namesilo,,,08/08/2026 18:29
ec22b853-56f6-4234-bb62-4a8033dd2c2f,frankel.miami,available,18.88,18.88,medium,low,7,spaceship,,,29/09/2026 15:47
d499a9bf-0c8c-401c-9964-5f0a219fa649,ives.miami,available,23.49,23.49,high,low,4,namesilo,,,25/09/2026 22:11
c249e57e-fb9f-43e0-b5b2-314eaaac3857,creature.miami,available,23.49,23.49,high,low,8,namesilo,,,22/09/2026 04:42
4101607e-a47f-4a2e-b2b2-175d2bca2862,unrelated.miami,available,24.98,30.98,medium,low,9,namecheap,,,12/09/2026 18:04
cb32e4e9-f64c-4411-abaa-a05296ee89a4,radish.miami,available,24.98,30.98,high,low,6,namecheap,,,24/09/2026 20:53
18db734a-5934-46c6-b66b-ff622b7e4667,faithfully.miami,available,23.49,23.49,high,low,10,namesilo,,,14/09/2026 11:42
20210574-a2ed-44c6-805c-2a07c54dc9df,disabling.miami,available,23.49,23.49,medium,low,9,namesilo,,,13/08/2026 07:09
104f7aa3-d1a0-4afc-aa5b-d55c98524be5,lecturing.miami,available,23.49,23.49,high,low,9,namesilo,,,01/10/2026 02:51
f42cf26f-4413-47d6-851a-cb031db8fe15,awning.miami,premium,242,21.24,high,low,6,namesilo,,,21/09/2026 10:12
56c81d6e-2b4d-441b-a77b-8bbd9e88afad,friendless.miami,available,23.49,23.49,medium,low,10,namesilo,,,18/08/2026 15:33
7cdbdc46-e491-4ec8-b404-20745f4f3194,toughest.miami,available,18.88,18.88,medium,low,8,spaceship,,,30/09/2026 00:39
c147bba4-b154-4c87-aaa6-88f635805ca0,otto.miami,premium,40.5,,high,medium,4,unstoppable,,,28/09/2026 04:33
2cb346b7-33c5-480f-8b45-f67f7c773669,entrepreneur.miami,premium,5200,23.4,high,high,12,namecheap,,,30/09/2026 13:55
75ee6168-46da-48ae-9ce9-8e3e169c26cf,millilitre.miami,available,23.49,23.49,medium,low,10,namesilo,,,11/08/2026 22:55
be160b6a-f1aa-42f1-b430-5980d16950d0,variable.miami,premium,47.2,21.24,high,low,8,namesilo,,,28/09/2026 10:08
e8b3818d-d832-4c1d-bd19-464f9518109b,patel.miami,premium,41.6,18.83,high,low,5,spaceship,,,01/10/2026 07:42
994a1f28-280c-40fd-816b-e7c08a4a0f0d,shot.miami,premium,242,21.24,high,low,4,namesilo,,,23/09/2026 13:53
dc4a0499-e8ef-4073-a873-332859788bde,mci.miami,premium,41.6,18.83,high,low,3,spaceship,,,29/09/2026 15:50
0ab59b63-6983-47c4-9f8c-fa0c90f80edb,pyrogen.miami,available,23.49,23.49,medium,low,7,namesilo,,,09/09/2026 07:01
2624e5e0-6caf-444f-b1cd-5c5d189c9e4f,before.miami,available,23.49,23.49,high,low,6,namesilo,,,21/09/2026 23:34
3b18a08b-4519-4950-a09a-f63f096bc748,creates.miami,available,24.5,23.49,medium,low,7,unstoppable,,,30/09/2026 02:17
843e1521-333f-44cc-b582-4b5a4ddf6c4d,literal.miami,available,23.49,23.49,high,low,7,namesilo,,,25/09/2026 13:58
0c8159c8-32c9-4c5d-8448-6ad03f109783,vexed.miami,available,23.49,23.49,medium,low,5,namesilo,,,21/08/2026 00:15
94bc4db1-cbf7-451d-98e1-06d9b4a1b91b,goes.miami,premium,47.2,21.24,high,low,4,namesilo,,,25/09/2026 16:38
ef7ceb8d-22b2-4788-a82e-45a8c89cb210,ratable.miami,available,23.49,23.49,high,medium,7,namesilo,,,09/09/2026 10:31
68109808-62d0-42dd-8de5-ff8b12500861,stu.miami,premium,40.5,,high,low,3,unstoppable,,,29/09/2026 03:33
a7024362-c3d9-4267-aaea-4379b0847516,moreton.miami,available,19.48,19.48,medium,low,7,dynadot,,,30/09/2026 12:45
cb2bb4ba-930d-4f92-a174-b3faf0bebb79,bunk.miami,premium,52,23.4,medium,low,4,namecheap,,,03/09/2026 20:32
66779eac-6d8a-41df-8b9a-efdec8465bf9,lacks.miami,available,18.2,18.2,low,low,5,cloudflare,,,29/09/2026 10:48
bddd0c23-0270-42e6-8821-eac714529cfc,tahiti.miami,available,18.88,18.88,high,low,6,spaceship,,,29/09/2026 20:28
a50e06d5-38d4-478e-b271-1677733741e3,edith.miami,premium,44.19,20.18,medium,low,5,porkbun,,,28/09/2026 16:20
f5a0ffe0-d56f-455c-bd79-7c5da6ff03a1,carribean.miami,available,24.98,30.98,high,low,9,namecheap,,,01/10/2026 23:31
136dd695-71b4-4154-926a-255e1eb03bc7,arsonist.miami,available,23.49,23.49,medium,low,8,namesilo,,,22/08/2026 00:55
6f2f383f-9b4e-4333-8e74-ec8594cb475a,rocker.miami,available,23.49,23.49,high,low,6,namesilo,,,30/09/2026 10:59
cc281745-d9b6-4e29-9bf0-924aa0e84699,reichstag.miami,available,18.88,18.88,medium,low,9,spaceship,,,28/09/2026 16:30
d9a74acc-92e9-4eb8-b8e3-155410b81d22,ahl.miami,premium,,,high,low,3,,,,29/09/2026 10:25
0219d3f1-be31-4f30-8f02-2eca50bac7b6,blackwash.miami,available,23.49,23.49,medium,low,9,namesilo,,,20/09/2026 15:47
184e8848-cec6-44ff-acc8-96d94ac9cdc1,bends.miami,available,23.49,23.49,high,low,5,namesilo,,,23/09/2026 07:50
6934d3c5-4b94-4316-8175-cccbfbbdcc32,clones.miami,available,18.2,18.2,medium,low,6,cloudflare,,,01/10/2026 07:39
29c80907-809b-48a0-97fb-7f1f8630fa61,lazuline.miami,available,23.49,23.49,medium,low,8,namesilo,,,08/08/2026 03:18
9324e7d6-2e81-4790-9976-7fdddc4b629a,prehensile.miami,available,23.49,23.49,medium,low,10,namesilo,,,07/08/2026 22:14
de289290-c8e7-4699-8be4-45a69eb79c7e,clipboard.miami,available,23.49,23.49,high,low,9,namesilo,,,24/09/2026 15:44
4c3de38a-3902-4111-b8ef-ba37a510f658,established.miami,available,18.2,18.2,high,low,11,cloudflare,,,01/10/2026 19:18
f91ccdab-1b70-4f7d-9b01-f7315a213314,sumner.miami,available,18.2,18.2,high,low,6,cloudflare,,,29/09/2026 08:10
736c45a1-535b-41e2-a625-64e9e19a7871,toying.miami,available,18.88,18.88,high,low,6,spaceship,,,29/09/2026 11:35
89b184bb-9524-4d6b-98a3-d314cfb26c3f,dedicated.miami,available,30.99,30.99,high,low,9,name.com,,,23/09/2026 20:41
c965da72-2ee9-4826-993d-bd6fa695d13c,beverage.miami,available,23.49,23.49,high,low,8,namesilo,,,01/10/2026 03:28
5dc85784-ffeb-4499-a346-d087431227a5,unmarried.miami,available,23.49,23.49,medium,low,9,namesilo,,,12/09/2026 15:26
0d2cbbf5-4873-47db-9762-11c0d72acb69,dysprosium.miami,available,24.98,30.98,medium,low,10,namecheap,,,20/09/2026 23:28
54880cb8-0acd-41be-9980-57d36a501fd9,pushing.miami,available,23.49,23.49,high,low,7,namesilo,,,30/09/2026 08:57
2b05ad05-8055-4ced-820c-f303402e5646,dprk.miami,available,19.05,19.05,high,low,4,porkbun,,,02/10/2026 04:32
49704292-8d0a-412a-be6a-18ab45d99e1c,unoccupied.miami,available,23.49,23.49,medium,low,10,namesilo,,,12/09/2026 16:09
8c0624f1-dede-40fe-a27c-4ede91fd9f3b,alongside.miami,available,24.98,30.98,high,low,9,namecheap,,,13/09/2026 19:12
b5b0f264-5eb5-4fbd-9671-d294dc8eb52b,ephesian.miami,available,23.49,23.49,medium,low,8,namesilo,,,17/08/2026 10:24
567124e1-4472-46e4-9c6e-88b14e4d08d2,protects.miami,available,23.49,23.49,medium,low,8,namesilo,,,29/09/2026 00:03
e15dd9d1-5318-4547-b29a-066e692c2860,videotape.miami,premium,44,19.48,high,low,9,dynadot,,,29/09/2026 08:17
43ec22a4-dad2-4522-92b8-6158e304c233,wildfires.miami,available,23.49,23.49,medium,low,9,namesilo,,,30/09/2026 07:46
ffd36236-9544-4d5a-8759-6e710298f0dc,ponderable.miami,available,23.49,23.49,medium,low,10,namesilo,,,12/08/2026 15:42
b13d31bc-1d80-4f7f-a692-2fc737204641,increased.miami,premium,47.2,21.24,high,low,9,namesilo,,,25/09/2026 08:09
d61dc541-7196-4e0c-af1c-f0523ff1ad62,navigational.miami,available,18.2,18.2,medium,low,12,cloudflare,,,01/10/2026 06:02
0c325699-83ed-4f16-b6ba-c0a3caa3b67e,chian.miami,available,23.49,23.49,medium,low,5,namesilo,,,12/08/2026 04:34
018283c2-a491-43ff-b81e-6b379c955ac0,create.miami,available,23.49,23.49,high,medium,6,namesilo,,,19/09/2026 12:28
26776918-6968-480e-9950-0855fb74a4db,amora.miami,available,23.49,23.49,high,low,5,namesilo,,,18/09/2026 22:38
3e7b2e92-41f9-41f8-b92e-fc47d1a64f1c,sociological.miami,available,19.48,19.48,high,low,12,dynadot,,,02/10/2026 01:58
27e4438b-646b-423b-b5ca-de3d166a1b0a,bavaria.miami,available,23.49,23.49,high,low,7,namesilo,,,22/09/2026 16:42
323ef48f-d76c-4589-95db-f7e28c593681,acidotic.miami,available,23.49,23.49,medium,low,8,namesilo,,,
39120474-5fd0-431e-af2c-0ebbbb1cb02d,shitless.miami,available,23.49,23.49,high,medium,8,namesilo,,,10/09/2026 06:39
633ef016-4b7c-4cf3-832c-21b757a765e5,wrapped.miami,available,23.49,23.49,high,low,7,namesilo,,,
bd6e51a0-dbf1-4eb5-8309-80b58f4a4b2f,timelines.miami,available,18.88,18.88,high,low,9,spaceship,,,02/10/2026 03:51
ef109ddf-80ea-41a3-ac17-84c0359f80a9,bore.miami,premium,47.2,21.24,high,low,4,namesilo,,,24/09/2026 12:50
bdca3544-016f-4d6c-b269-395787de3e9b,dogfight.miami,available,24.98,30.98,high,medium,8,namecheap,,,09/09/2026 18:56
a6bd27b4-917e-4f30-83b6-2f4fd21531a2,annals.miami,available,23.49,23.49,high,low,6,namesilo,,,19/09/2026 10:05
179db5cf-b103-4d85-b18a-7e995e858533,bomber.miami,available,18.2,18.2,medium,low,6,cloudflare,,,28/09/2026 09:10
52baa12b-3034-4591-bb08-9d366969b2b4,disadvantage.miami,available,23.49,23.49,high,low,12,namesilo,,,01/10/2026 08:43
01757519-7f63-47bd-a275-92337698df53,enrollment.miami,available,23.49,23.49,high,low,10,namesilo,,,28/09/2026 02:45
e898629a-6507-4a55-bfe8-b390ecab309b,antiserum.miami,available,23.49,23.49,medium,low,9,namesilo,,,19/09/2026 15:05
5ed455a0-8f71-415f-b1f5-dbb2c7bb325d,avoidance.miami,available,23.49,23.49,medium,low,9,namesilo,,,21/09/2026 09:49
8e331e90-cef1-4070-8998-e9204c316f54,ari.miami,premium,41.6,18.83,high,medium,3,spaceship,,,28/09/2026 07:41
21219d68-a92f-4bee-bcd1-8a62ab8c7611,conceited.miami,available,24.98,30.98,medium,low,9,namecheap,,,12/08/2026 19:54
a47933b9-ca94-4a21-9b18-59fc0239e6e4,pillars.miami,available,23.49,23.49,medium,low,7,namesilo,,,30/09/2026 15:08
6937ef99-89ec-469a-8f2a-c44a12708869,terrorism.miami,available,23.49,23.49,medium,low,9,namesilo,,,17/09/2026 04:10
4d1b4c3c-fdfa-4d41-897a-5d3d09f36acf,jug.miami,premium,,,high,low,3,,,,29/09/2026 12:28
96e24394-b849-4b11-b211-d3b9c6eb786d,vocalists.miami,available,23.49,23.49,medium,low,9,namesilo,,,19/09/2026 21:58
5d55e07f-57f6-4aaa-8588-9eb5abbc35aa,prosecutor.miami,available,24.98,30.98,high,low,10,namecheap,,,27/09/2026 05:05
26a03e84-8ece-43d7-a735-8f54a1ec239e,financially.miami,available,18.88,18.88,medium,low,11,spaceship,,,28/09/2026 12:33
62012bea-ca76-42d1-97cf-4833fe22f2ef,digby.miami,available,24.5,,high,low,5,unstoppable,,,29/09/2026 15:01
bfce24dd-f0ab-4782-b5f3-4677764cac13,convinced.miami,available,23.49,23.49,high,low,9,namesilo,,,01/10/2026 19:46
81c04b76-e5c0-486d-ae4b-e796cc5f0c78,antitumor.miami,available,23.49,23.49,high,low,9,namesilo,,,22/09/2026 06:40
25ce4e26-9621-4503-987e-fa4f5fa9f83c,insinuate.miami,available,23.49,23.49,medium,low,9,namesilo,,,22/08/2026 08:35
8fc222fc-381e-4081-81c1-258f054e27f8,inglorious.miami,available,24.98,30.98,medium,low,10,namecheap,,,21/08/2026 18:25
5dda8306-937f-4cf2-9b25-72d499eb0daf,adoring.miami,available,23.49,23.49,high,low,7,namesilo,,,21/09/2026 19:41
c13af5e5-72dd-4743-bbad-dd52d46a7182,discarded.miami,available,24.98,30.98,medium,low,9,namecheap,,,11/08/2026 20:21
63a29356-d120-4074-9dc7-07506259d231,poughkeepsie.miami,available,24.5,,medium,low,12,unstoppable,,,29/09/2026 04:37
e304b1dd-522e-4c06-b2d1-8fecc6705909,lastly.miami,available,24.98,30.98,medium,low,6,namecheap,,,28/09/2026 15:27
6fe228b7-7e84-4cb2-b8a8-62cc92fbd5f2,republican.miami,premium,242,21.24,high,low,10,namesilo,,,09/09/2026 14:43
c666985d-0bc3-4ee1-abf8-855f181741e0,octagonal.miami,available,23.49,23.49,medium,low,9,namesilo,,,04/09/2026 00:37
46bd6e3b-f262-41c4-8d8b-6e311f12227c,jaundice.miami,available,23.49,23.49,medium,low,8,namesilo,,,17/09/2026 03:10
04407c06-87bf-4615-bff3-21ad2b1f729e,cctv.miami,premium,41.6,41.6,high,low,4,spaceship,,,30/09/2026 03:41
bd9382ae-aa88-474a-ac32-c4b887da2c58,viper.miami,available,19.05,19.05,high,low,5,porkbun,,,30/09/2026 03:06
2779a85e-0f49-424e-8dba-21b523016868,romance.miami,premium,96,21.24,high,low,7,namesilo,,,27/09/2026 15:59
b6da83ad-d617-4def-9041-aebed5122e28,measly.miami,available,24.98,30.98,medium,low,6,namecheap,,,24/08/2026 18:23
0cd82b19-f6b7-4a0b-8538-739953de0f43,vocative.miami,available,23.49,23.49,medium,low,8,namesilo,,,13/09/2026 06:31
0abac1ed-e5d0-4ffc-b6f0-f3fa0fdeafa5,republicans.miami,available,18.88,18.88,medium,low,11,spaceship,,,30/09/2026 06:30
532342e8-1a88-419f-9d58-b7317c2abb72,intensely.miami,available,23.49,23.49,high,low,9,namesilo,,,15/09/2026 08:54
325a65fb-391a-4d1a-bc5b-738fa01d811f,allentown.miami,available,23.49,23.49,high,low,9,namesilo,,,18/09/2026 10:52
34ff3fbb-968f-4613-bf05-6d86eb84ffe3,shortness.miami,available,23.49,23.49,medium,low,9,namesilo,,,16/09/2026 17:27
5a3b9e4e-b223-4289-9746-d842f11eb922,needfully.miami,available,23.49,23.49,medium,low,9,namesilo,,,15/09/2026 16:20
c6834be9-e262-4c39-a231-fbaf58f451e4,piebald.miami,available,23.49,23.49,medium,low,7,namesilo,,,03/09/2026 10:37
96dcc5b7-6f26-43d0-971a-0659b201d792,joyfully.miami,available,24.98,30.98,high,low,8,namecheap,,,14/09/2026 21:32
663f9a9e-8154-4f7d-a3ec-d1f6a47c9f70,asahikawa.miami,available,24.98,30.98,medium,low,9,namecheap,,,20/09/2026 12:44
55f42700-dbb8-4771-beae-055d58af4fd9,anyway.miami,available,24.98,30.98,high,low,6,namecheap,,,28/09/2026 12:17
513ed932-1514-4c79-be19-134ba629782e,five.miami,available,,,high,low,4,,,,
552109f8-91bc-4537-ae29-c0cc760e6260,wiser.miami,available,24.98,30.98,high,low,5,namecheap,,,29/09/2026 23:16
2c48a714-56f1-466b-b4bc-f35bf7e30aef,skeletal.miami,available,24.98,30.98,high,low,8,namecheap,,,10/08/2026 19:00
b90f83cf-8c58-497c-8bed-5e6942906cee,dozen.miami,available,23.49,23.49,high,low,5,namesilo,,,21/09/2026 11:29
21b4e079-807c-4dcd-b915-a51e4dada5f1,avulsion.miami,available,23.49,23.49,medium,low,8,namesilo,,,21/09/2026 09:54
7e25e932-c06f-411d-9fbe-e9195b26f440,karan.miami,premium,40.5,,medium,low,5,unstoppable,,,02/10/2026 00:39
08eead9b-6fd0-4ae2-b81e-085e40bd7939,template.miami,available,18.88,18.88,high,low,8,spaceship,,,30/09/2026 11:09
6306eacf-8a35-4e33-b328-6ca20285fa3c,multiply.miami,premium,47.2,21.24,high,low,8,namesilo,,,15/09/2026 15:37
3ee9ac6c-3341-448d-be90-6c5bedb9eca1,anodyne.miami,available,23.49,23.49,medium,low,7,namesilo,,,
908a83c9-3539-46e0-ab73-1627fb941bea,coup.miami,premium,40.5,,high,low,4,unstoppable,,,29/09/2026 18:30
b62eb44c-5d87-4796-8249-5e278f44b662,malabar.miami,available,23.49,23.49,high,low,7,namesilo,,,29/09/2026 09:09
4c9b8e1d-22ac-4052-b2de-4a54a16144ff,sapiens.miami,available,23.49,23.49,high,low,7,namesilo,,,19/09/2026 15:49
0d1b8a69-c475-4ec9-a362-1c91e6198082,severed.miami,available,30.99,30.99,medium,low,7,name.com,,,13/08/2026 12:32
babd126e-57e6-421f-a5f1-80cc6c2239c5,bakelite.miami,available,24.98,30.98,medium,low,8,namecheap,,,21/09/2026 20:15
2bda5d4a-85f8-40f4-b613-723867550312,tanzanian.miami,available,23.49,23.49,high,low,9,namesilo,,,11/09/2026 08:09
593a4f4e-75cd-44de-87ae-77e0acd9359a,chaves.miami,premium,,,medium,low,6,,,,02/10/2026 00:42
137c0051-e781-47b9-9112-9ba2711ce23a,aged.miami,premium,52,23.4,high,low,4,namecheap,,,21/09/2026 22:26
863b0fb1-be42-40d7-827e-c2381a9c358a,dispersion.miami,available,24.98,30.98,high,low,10,namecheap,,,24/09/2026 22:57
065ee123-e208-469f-ba36-51f18bc52517,aspic.miami,available,23.49,23.49,medium,low,5,namesilo,,,20/09/2026 15:11
800495a7-00df-48da-94f1-55786fd23d5d,dose.miami,premium,47.2,21.24,high,low,4,namesilo,,,29/09/2026 00:13
68a73f68-d20f-4ba8-842e-156692cae393,taurine.miami,available,23.49,23.49,medium,low,7,namesilo,,,11/09/2026 09:15
b1ba8b3d-4de5-4cfa-b017-f48abbf6de98,tales.miami,available,24.98,30.98,high,low,5,namecheap,,,18/09/2026 16:46
9e1f1247-4fdd-4617-9a3c-31b3029da530,vince.miami,premium,47.2,21.24,high,low,5,namesilo,,,27/09/2026 07:24
4f000e9f-5ff1-4832-abb9-6fa31bfddedf,separating.miami,available,23.49,23.49,high,low,10,namesilo,,,29/09/2026 08:48
c53d18ed-3266-4dc6-b198-acd4cb4fad0e,tolerant.miami,available,24.98,30.98,high,low,8,namecheap,,,22/08/2026 19:55
23e087d5-bded-4e1a-9a38-0b73a09d1d9c,drew.miami,premium,47.2,21.24,high,low,4,namesilo,,,25/09/2026 00:05
14d93c23-f668-4a94-9f29-efb140d53265,sit.miami,premium,83,18.83,high,low,3,spaceship,,,30/09/2026 10:17
dffac3b6-5b47-45bc-bce7-b288d777845e,arbitrage.miami,available,23.49,23.49,high,low,9,namesilo,,,20/09/2026 00:42
0aeb58ea-6beb-4cc9-8dc8-8fe2e6543a81,trustees.miami,available,24.98,30.98,medium,low,8,namecheap,,,29/09/2026 23:08
acdb40f5-a09c-480a-b302-fc5f226a1b5b,nefarious.miami,available,23.49,23.49,medium,low,9,namesilo,,,03/09/2026 14:57
ac6bce8c-c03e-40ba-8a34-38ff7a562cbb,magnetised.miami,available,23.49,23.49,medium,low,10,namesilo,,,24/08/2026 13:06
bfb708a3-ca10-47b0-b892-11e47e63e1e1,debater.miami,available,23.49,23.49,medium,low,7,namesilo,,,20/09/2026 04:45
38bdc123-5a5c-4a90-a3e6-9c757259aa3d,mariah.miami,premium,41.6,18.83,high,low,6,spaceship,,,30/09/2026 04:14
dbad93bc-d20c-4dea-8b78-c267434a45d4,knoxville.miami,available,24.98,30.98,high,low,9,namecheap,,,01/10/2026 02:48
85d14de7-e8f9-45ec-b1a8-8321793b4cba,dateable.miami,available,30.99,30.99,medium,low,8,name.com,,,13/08/2026 18:38
c3fd5d9c-71a0-410e-8d93-a15d079eaa76,forks.miami,available,23.49,23.49,medium,low,5,namesilo,,,29/09/2026 05:49
7473b4e2-289e-4a59-87a5-31b26f25a904,libertine.miami,available,30.99,30.99,medium,low,9,name.com,,,13/08/2026 20:22
df928137-3298-4c2b-b98c-cc1225178174,cyclone.miami,premium,47.2,21.24,high,low,7,namesilo,,,30/09/2026 09:19
bcb759dc-a6a0-4a34-9259-7e6859a5c8ce,dread.miami,available,23.49,23.49,high,low,5,namesilo,,,14/08/2026 18:38
68524ffc-1082-4f42-8928-6ec2f33526cd,rouge.miami,available,18.88,18.88,high,medium,5,spaceship,,,29/09/2026 07:59
61f784fb-69ca-4248-a92f-6e1ffd889a89,restriction.miami,available,23.49,23.49,high,low,11,namesilo,,,
3e3c85b1-2a34-4bdb-b7fa-49935a641923,pointed.miami,available,23.49,23.49,high,low,7,namesilo,,,08/09/2026 22:36
1d31ee45-1a89-4195-a7a4-8f6299c82aad,accessary.miami,available,23.49,23.49,medium,low,9,namesilo,,,
64025028-0937-4cae-940e-a5f6c4061b93,stripe.miami,available,23.49,23.49,high,low,6,namesilo,,,24/09/2026 14:22
ca687249-5be2-459e-9f9d-44ce989f6058,presumably.miami,available,24.98,30.98,medium,low,10,namecheap,,,15/09/2026 21:20
6a58524c-1a7d-4917-acfa-f4c9e9f27199,unending.miami,available,23.49,23.49,high,low,8,namesilo,,,
c1e8144d-6fc5-45cb-9159-9a198530e6ab,kim.miami,premium,104,23.4,high,low,3,namecheap,,,25/09/2026 19:17
f7eaae27-261d-409b-8af4-6c17d2fd5576,compressed.miami,available,24.98,30.98,high,low,10,namecheap,,,23/09/2026 18:05
af2929e1-2d23-4915-9621-8e00b4dcb7f5,ends.miami,premium,47.2,21.24,high,low,4,namesilo,,,25/09/2026 13:13
1690fdb5-544b-4a22-b525-a766cda347bd,drawer.miami,available,23.49,23.49,high,low,6,namesilo,,,24/09/2026 23:56
6005c729-7c47-4f84-bceb-9b0fa8151f13,surd.miami,premium,47.2,21.24,medium,low,4,namesilo,,,11/09/2026 03:41
6f7605e3-4586-44f9-8ad9-740b61bc8f4b,ava.miami,premium,96,21.24,high,medium,3,namesilo,,,
083b1891-84fd-420e-851a-bf33f208fa92,aspis.miami,available,23.49,23.49,medium,low,5,namesilo,,,20/09/2026 15:24
c40d799e-783a-463e-b0c5-7fb9b7242177,diehards.miami,available,24.98,30.98,low,low,8,namecheap,,,20/09/2026 23:29
d75f24bf-6601-4983-b1a0-51bdb7963795,frequency.miami,available,24.98,30.98,high,low,9,namecheap,,,16/09/2026 17:49
fa4128b4-b188-47b3-b481-79320cb518cd,rubberize.miami,available,24.98,30.98,high,medium,9,namecheap,,,09/09/2026 19:13
da0002e5-d38f-4e22-bce2-687b5786093c,perverse.miami,available,23.49,23.49,medium,low,8,namesilo,,,14/08/2026 02:31
afc1814c-8a9c-415b-a489-34438344a4c6,corn.miami,premium,47.2,21.24,high,low,4,namesilo,,,29/09/2026 09:54
7415ba19-d2b9-4b83-9b4d-14f6ea8d00ff,chord.miami,available,23.49,23.49,high,low,5,namesilo,,,24/09/2026 14:47
4cc452b4-fcdd-4dd5-abc0-fde7ee6661a4,bernal.miami,premium,,,high,low,6,,,,30/09/2026 04:24
89830d5f-0713-4547-a64a-49b1b747a7f2,dyslexic.miami,available,23.49,23.49,medium,low,8,namesilo,,,14/08/2026 22:03
daaebb83-aa29-4111-9fcd-d4f8f0b2ca10,tad.miami,premium,40.5,,high,low,3,unstoppable,,,30/09/2026 03:00
ecabb460-1017-4ae6-bdeb-a84c5890f2c7,bet.miami,resell,,,high,medium,3,"GoDaddy.com, LLC",04/05/2021 18:10,04/05/2027 18:10,26/09/2026 04:23
974e3e02-030f-4aeb-86b0-9a756d7db1ce,marquez.miami,premium,,,high,low,7,,,,30/09/2026 21:51
550c075b-014e-464b-8ec8-94495679045f,virus.miami,premium,5520,21.24,high,low,5,namesilo,,,24/09/2026 17:02
422a424d-6fcb-488f-a4dc-301244d0cbca,fall.miami,premium,47.2,21.24,high,low,4,namesilo,,,28/09/2026 09:35
1e23d5ac-5a63-4e78-883d-c929abcaaa22,turndown.miami,available,23.49,23.49,high,low,9,namesilo,,,
bf92c4fd-1a6e-406a-a833-9ae6b7452c09,honegger.miami,available,23.49,23.49,high,low,8,namesilo,,,20/09/2026 10:55
52a15068-2084-4c57-84b4-ceeaadfc63dd,torn.miami,premium,52,23.4,high,low,4,namecheap,,,25/09/2026 16:39
f2c77d21-09bb-47d2-8c35-5a51df7ec0ba,spock.miami,available,23.49,23.49,high,low,5,namesilo,,,23/09/2026 08:25
47864732-f509-4b3d-8bc0-b3d6740cbf9d,trophic.miami,available,24.98,30.98,medium,low,7,namecheap,,,11/09/2026 20:22
b7456998-95ad-4cba-8d73-a17bc0c3265a,horrified.miami,available,23.49,23.49,medium,low,9,namesilo,,,21/08/2026 14:14
9b777f98-a007-42d3-836a-77f7b2ccdbd9,yong.miami,premium,,,medium,low,4,,,,28/09/2026 16:51
28c894b3-3787-47a3-aca1-2d84467e5de4,niche.miami,premium,80.5,,high,low,5,unstoppable,,,30/09/2026 17:07
361f11d9-9dc0-468c-89e2-323992c53787,pilary.miami,available,24.98,30.98,high,medium,6,namecheap,,,08/09/2026 19:40
981b846e-e8d2-4734-bfb1-a716fe83eba2,bowls.miami,premium,47.2,21.24,high,low,5,namesilo,,,29/09/2026 03:46
68bfa263-6b1d-45a8-92a6-9136ec97f86d,theology.miami,premium,83,18.83,high,low,8,spaceship,,,29/09/2026 14:03
c280f7e4-f6e0-4c48-99d8-f2a9d59d09dd,dreamless.miami,available,23.49,23.49,medium,low,9,namesilo,,,14/08/2026 18:43
c4c888a7-30ad-4c40-bdec-645041b64be7,talky.miami,available,23.49,23.49,medium,low,5,namesilo,,,12/08/2026 03:24
f2d667bc-e03f-4e6c-bf24-572a7511e515,baroness.miami,available,23.49,23.49,high,low,8,namesilo,,,22/09/2026 07:21
b649fe85-83f2-457b-a217-fd6b80eb9960,ing.miami,premium,47.2,21.24,high,low,3,namesilo,,,02/10/2026 01:10
031feddb-7f7b-4cb2-a87b-9d8f924a9cc3,events.miami,premium,2600,23.4,high,low,6,namecheap,,,25/09/2026 09:48
b23fec85-9ed1-4eb9-af84-12a1c96f67c0,haply.miami,available,23.49,23.49,medium,low,5,namesilo,,,14/09/2026 04:36
307d544f-1e2e-4ed5-bc3b-f23712d2614a,plans.miami,available,23.49,23.49,high,low,5,namesilo,,,
714716e4-5b3e-4eea-92d5-b9c2acbfa709,color.miami,premium,96,21.24,high,low,5,namesilo,,,23/09/2026 15:05
84018427-6696-4282-8569-8b7752a7c22e,machines.miami,premium,47.2,21.24,high,low,8,namesilo,,,01/10/2026 04:58
5df7b60b-45c5-4558-b966-2bdcf7c31da2,custodian.miami,available,19.48,19.48,high,low,9,dynadot,,,30/09/2026 16:52
4a2f6e7d-2d77-44be-8460-27055cb10ead,downstream.miami,available,24.98,30.98,high,low,10,namecheap,,,14/08/2026 17:59
e32c8714-6c89-48a4-b089-066ef0cff6bb,dalliance.miami,available,23.49,23.49,medium,low,9,namesilo,,,11/09/2026 19:38
0c49ad87-2d46-41cb-9985-0003e4fc5219,clathrate.miami,available,23.49,23.49,medium,low,9,namesilo,,,11/08/2026 16:23
d657814b-de42-4497-a50a-12f5dac43a05,alone.miami,available,23.49,23.49,high,low,5,namesilo,,,22/09/2026 01:57
e7cf108a-f9e7-47f8-8ed2-6dd67711bf7b,wolfbane.miami,available,24.98,30.98,medium,low,8,namecheap,,,17/09/2026 02:09
18389088-aeb1-4e84-8d8f-6df3b3ab4492,strengthening.miami,available,19.48,19.48,high,low,13,dynadot,,,30/09/2026 19:59
49a7f056-f32d-476e-acdc-377940c59e44,written.miami,available,18.88,18.88,high,low,7,spaceship,,,27/09/2026 18:44
9f5c8d8e-8b48-4a1f-97fe-89bc2c6cf6bb,damage.miami,premium,47.2,21.24,high,low,6,namesilo,,,25/09/2026 04:36
9d1a9c2b-77e8-4f51-b65f-39d1abbe5a00,uncurbed.miami,available,23.49,23.49,medium,low,8,namesilo,,,12/09/2026 04:34
b45baa1c-436b-4123-8d7a-935fbadc933d,equality.miami,available,19.48,19.48,high,low,8,dynadot,,,28/09/2026 19:07
47db244c-f14a-4934-a1e1-432d972ab9f9,bio.miami,premium,88,19.48,high,medium,3,dynadot,,,30/09/2026 21:51
e1d6075c-d0a6-4819-a7bc-b21e34c419e4,bug.miami,premium,96,21.24,high,low,3,namesilo,,,29/09/2026 00:24
773247fa-cb3f-4506-a149-6009a56b7d3b,applicable.miami,available,23.49,23.49,high,low,10,namesilo,,,06/08/2026 07:06
a10c9d4c-6c51-4a38-8d00-f02494282005,weedless.miami,available,23.49,23.49,medium,low,8,namesilo,,,13/09/2026 10:00
0011cf2e-ba48-4f5f-931d-590f70edeb16,transexual.miami,available,24.98,30.98,medium,low,10,namecheap,,,11/09/2026 19:01
c7fdd76f-8e9e-4d61-a8fa-f79b63c89df9,error.miami,premium,47.2,21.24,high,low,5,namesilo,,,24/09/2026 16:56
bfa68996-7073-47e6-88cb-7576be656fc6,spicebush.miami,available,23.49,23.49,medium,low,9,namesilo,,,18/09/2026 20:40
52792524-8d41-469b-af52-034b4a800420,rajput.miami,available,19.48,19.48,high,low,6,dynadot,,,01/10/2026 03:24
a5bc5968-be28-4e29-b8a5-687a833a66d7,sidewalks.miami,available,23.49,23.49,medium,low,9,namesilo,,,21/09/2026 06:21
9786e637-ccd8-4753-bd52-ee354d909162,hostesses.miami,available,23.49,23.49,medium,low,9,namesilo,,,20/09/2026 07:50
cfa093cc-52a2-40ee-9190-893fb1790379,cabin.miami,available,24.98,30.98,high,low,5,namecheap,,,24/09/2026 11:32
f00ea0ed-7379-41f5-8ea0-b2ae5e4cca8b,megan.miami,premium,47.2,21.24,medium,low,5,namesilo,,,26/09/2026 03:31
fb9c6e77-bade-4bc7-aaef-5444931111b6,taupe.miami,available,24.98,30.98,medium,low,5,namecheap,,,18/08/2026 19:04
904ceab3-ae6c-41ba-b291-b874e26d5c60,exceedingly.miami,available,19.48,19.48,medium,low,11,dynadot,,,01/10/2026 14:31
17553f4e-cbc8-4ff3-92d4-61d38b66f853,triggered.miami,available,24.98,30.98,medium,low,9,namecheap,,,29/09/2026 05:24
7d68b946-7023-4102-b64b-7c03d7b6451b,whack.miami,available,18.88,18.88,high,low,5,spaceship,,,01/10/2026 22:02
617d717c-b4a5-4109-9106-e6163a88e3ec,adz.miami,premium,52,23.4,medium,low,3,namecheap,,,17/09/2026 12:01
e8082637-ec89-487e-9c9e-a395c87880fa,embossed.miami,available,23.49,23.49,high,low,8,namesilo,,,11/08/2026 05:17
b1cc509e-67fe-4a91-b7c4-3b3938fc3fda,newberry.miami,available,18.88,18.88,medium,low,8,spaceship,,,28/09/2026 21:39
23eefbb5-36de-48e5-a8d5-bd6b1e0fda96,elder.miami,available,23.49,23.49,high,low,5,namesilo,,,16/08/2026 01:32
21169b0b-2775-4d60-83d8-c16444c11761,airscrew.miami,available,23.49,23.49,medium,low,8,namesilo,,,17/09/2026 23:17
d386f19e-6f1b-4c42-aac7-894e26dc5898,rosecrans.miami,available,24.5,,high,low,9,unstoppable,,,02/10/2026 00:51
45cc3d4d-7738-4dee-8d44-deb768933cf7,tacitus.miami,available,18.2,18.2,high,low,7,cloudflare,,,29/09/2026 07:01
5151beb6-407c-4e88-a363-9697cb55acdc,pestering.miami,available,,,medium,low,9,,,,
9f3af2d5-5e4d-4509-aa1c-e8c29af204e9,shavian.miami,available,23.49,23.49,high,medium,7,namesilo,,,10/09/2026 06:09
2e084550-def8-4113-bf0e-e5f83808caed,aniline.miami,available,23.49,23.49,medium,low,7,namesilo,,,18/09/2026 21:45
a2e4939e-d4ed-4c25-955d-9c4de3e2dffa,pecos.miami,available,18.2,18.2,high,low,5,cloudflare,,,29/09/2026 19:57
afb3c71a-ddde-47c2-aaff-dc44dc03b26a,safeguard.miami,available,24.98,30.98,high,low,9,namecheap,,,29/09/2026 20:02
8e473bd5-f71d-425d-b5f8-73806c05aec5,decomposition.miami,available,18.88,18.88,medium,low,13,spaceship,,,30/09/2026 22:50
43c43699-e8fe-4fb4-b12e-4c244625918d,peddling.miami,available,23.49,23.49,high,low,8,namesilo,,,30/09/2026 02:33
f7ac0352-dc01-416e-b6d7-1ad8d2888ecb,twentieth.miami,available,23.49,23.49,high,low,9,namesilo,,,21/09/2026 12:27
1c64b0b1-3077-4161-84d5-9277676246ff,tyre.miami,premium,41.6,18.83,high,low,4,spaceship,,,29/09/2026 08:11
97af6f6e-65f5-47c5-be2a-297406219a33,mourning.miami,available,23.49,23.49,medium,low,8,namesilo,,,25/08/2026 08:38
696fab0f-bda2-44dd-86be-3998c0ef10f4,endeavor.miami,available,23.49,23.49,high,low,8,namesilo,,,21/09/2026 01:15
5a6cc8c9-f947-46f0-b5e7-6e703192faec,noisome.miami,available,23.49,23.49,medium,low,7,namesilo,,,18/08/2026 02:29
4483d5d8-e1c8-436d-9fb9-1d1bafcc74fa,mining.miami,available,18.2,18.2,high,low,6,cloudflare,,,30/09/2026 04:33
185c965c-8bf8-41d8-a8ec-1100be6ac7a9,front.miami,available,23.49,23.49,high,low,5,namesilo,,,24/09/2026 21:48
73908eb4-1e7f-4f58-86c2-5ab42cc1ad2e,gunther.miami,available,23.49,23.49,medium,low,7,namesilo,,,29/09/2026 15:16
e8d5d6a4-843c-477c-978b-2150fa454920,panoplied.miami,available,23.49,23.49,medium,low,9,namesilo,,,06/08/2026 21:42
b36e3be7-5db4-4632-a2e5-99454f5dcb03,glow.miami,premium,5000,30.99,high,medium,4,name.com,,,20/08/2026 15:11
a563c040-365b-4db4-9402-c1a380d067e2,taint.miami,available,23.49,23.49,medium,low,5,namesilo,,,24/09/2026 17:39
7e2c1687-3a29-408f-a5b2-230721ebaa94,kvetch.miami,available,23.49,23.49,medium,low,6,namesilo,,,08/09/2026 20:36
3a073cd9-d057-4dad-9a5a-6e8856dab10d,bligh.miami,available,23.49,23.49,medium,low,5,namesilo,,,01/10/2026 18:42
851d0b38-bbd1-4839-94df-390a57c177a6,andersen.miami,premium,47.2,21.24,high,low,8,namesilo,,,19/09/2026 04:01
413d5ae9-90b2-4d09-9d2d-c45fd4975807,nacreous.miami,available,23.49,23.49,medium,low,8,namesilo,,,03/09/2026 12:37
635da4d9-42a9-4b27-a0f6-d6cf54d2ebc2,ramate.miami,available,23.49,23.49,medium,low,6,namesilo,,,11/08/2026 02:17
33e6e7c6-cac6-4856-bafe-f24a8b3f7077,define.miami,available,23.49,23.49,high,low,6,namesilo,,,24/09/2026 05:41
cd8029f6-8d73-48b6-9511-86dad984ac2b,endurance.miami,available,18.88,18.88,high,low,9,spaceship,,,29/09/2026 18:12
78ac1a8b-0626-4f7e-ba7d-40a6b5dd5b15,happen.miami,premium,47.2,21.24,high,low,6,namesilo,,,25/09/2026 06:00
16f16dec-4094-4435-8bfc-3a241cf081a9,slight.miami,available,23.49,23.49,high,low,6,namesilo,,,27/09/2026 22:32
6037bd22-32c3-45c4-bcb5-a888434b94e4,cheerful.miami,premium,47.2,21.24,high,low,8,namesilo,,,12/08/2026 03:41
44f4b4fc-078a-4dac-9f11-aa7311aa4e34,overblown.miami,available,24.98,30.98,medium,low,9,namecheap,,,04/09/2026 20:19
d2ed3eae-eb90-46c2-8309-a572ba1099be,garage.miami,available,18.88,18.88,high,medium,6,spaceship,,,29/09/2026 20:41
9ff185c1-14a6-4b1d-aaa9-576515a2ae5e,second.miami,available,24.98,30.98,high,low,6,namecheap,,,21/09/2026 12:59
c64afad5-c1c1-4fdf-a00b-c488595ab735,herb.miami,premium,83,18.83,high,low,4,spaceship,,,28/09/2026 02:06
ab9ec5f7-02c6-4a86-af05-d52db8933a72,remembered.miami,available,23.49,23.49,high,low,10,namesilo,,,17/09/2026 12:04
216a8e6b-14fe-40bd-bb27-2c07ceb6f192,conspicuous.miami,available,19.05,19.05,medium,low,11,porkbun,,,29/09/2026 03:02
9a3e21fb-162e-4a7a-9fae-0a169acdb961,caloric.miami,available,23.49,23.49,medium,low,7,namesilo,,,11/08/2026 15:07
2742e98f-59d5-4508-afc7-75de975f8cc6,regiment.miami,available,18.88,18.88,medium,low,8,spaceship,,,28/09/2026 20:17
b1352378-460c-427d-bfbf-825bed0d6dca,stoppage.miami,available,23.49,23.49,medium,low,8,namesilo,,,20/08/2026 22:57
329afa75-439e-4714-b164-cf59bf8e47e2,oops.miami,premium,96,21.24,high,low,4,namesilo,,,01/10/2026 04:35
be1dc77e-0778-4b36-b863-591bffb1f150,expertly.miami,available,23.49,23.49,high,low,8,namesilo,,,14/09/2026 17:05
4e874b02-a65e-4136-8f61-cbae7c652d8a,shutting.miami,available,23.49,23.49,medium,low,8,namesilo,,,12/08/2026 12:22
70a46154-556e-4d40-930c-b595bb246399,stumps.miami,available,23.49,23.49,medium,low,6,namesilo,,,
94eef57e-4d02-4ec4-a9fd-2b1dbb8e0604,maltese.miami,available,23.49,23.49,high,low,7,namesilo,,,24/08/2026 14:15
5c8aa7b7-0013-4128-9541-316291831fe3,turpin.miami,available,24.5,,medium,low,6,unstoppable,,,01/10/2026 01:44
f0d2843a-5f6d-4902-a1c1-334526cb85a0,bullet.miami,available,18.88,18.88,high,low,6,spaceship,,,29/09/2026 05:18
02aaf43d-e20f-43b4-8095-c75797eb8119,assured.miami,available,23.49,23.49,high,low,7,namesilo,,,07/08/2026 08:21
3c10ede4-57d0-47c7-88fb-f84de1eb910a,laborious.miami,available,23.49,23.49,medium,low,9,namesilo,,,06/08/2026 17:00
e7fd4746-e988-45c6-b84f-f6c150d5d177,differentiate.miami,available,24.98,30.98,high,low,13,namecheap,,,01/10/2026 05:28
497e6ec4-19e7-403d-9a77-ae61b9d1c530,afi.miami,premium,41.6,18.83,high,low,3,spaceship,,,30/09/2026 20:06
f6ea3881-6463-4612-ac2d-97f2fa0e5c59,granicus.miami,available,23.49,23.49,medium,low,8,namesilo,,,22/09/2026 15:08
8c172ca0-2dd1-43c7-a20c-5552a72939af,kurrat.miami,available,24.98,30.98,medium,low,6,namecheap,,,18/09/2026 11:14
547f0308-17f5-4ae0-815f-f4ea956d863c,chatsworth.miami,available,18.88,18.88,high,low,10,spaceship,,,02/10/2026 00:57
3d87a169-3abc-487f-843a-5eee86df73d8,outdoors.miami,premium,96,21.24,high,low,8,namesilo,,,21/09/2026 23:54
5cf9e2fa-12cc-4f0d-b17a-b67552bb0d5e,servant.miami,available,23.49,23.49,high,low,7,namesilo,,,25/09/2026 06:52
6b1aeeaa-1ee5-4abc-9908-f11ee9f3db94,jovially.miami,available,23.49,23.49,medium,low,8,namesilo,,,15/09/2026 09:51
f5525b4a-5bc2-4de6-8c98-d527c394a525,communist.miami,available,23.49,23.49,high,low,9,namesilo,,,23/09/2026 16:14
751bdc33-ba9c-4199-a104-5728b607f2bd,devine.miami,available,19.48,19.48,medium,low,6,dynadot,,,28/09/2026 17:34
41c26467-45c7-46c0-bf91-36f06753d5c1,tears.miami,available,23.49,23.49,high,low,5,namesilo,,,24/09/2026 02:29
82e6d3d9-f7f8-4248-bbda-b48cea1b802e,disorder.miami,available,24.98,30.98,high,low,8,namecheap,,,24/09/2026 22:27
b1f521bc-99b1-45a0-b4c4-2925fddeb6e4,magyar.miami,available,23.49,23.49,high,low,6,namesilo,,,21/08/2026 15:41
7864ffc4-07ad-45ae-87dc-01961d602ba7,bribable.miami,available,23.49,23.49,medium,low,8,namesilo,,,11/08/2026 03:42
148a61fe-09fe-4051-9ff1-600732938857,willa.miami,premium,47.2,21.24,medium,low,5,namesilo,,,01/10/2026 09:55
c1edc522-bf33-42ed-99e5-f45a421b149d,mortal.miami,premium,50,30.99,high,low,6,name.com,,,13/08/2026 19:33
9e7764a1-1cf1-4d41-88e4-fc4aa14d579e,existing.miami,available,24.98,30.98,high,low,8,namecheap,,,24/09/2026 15:59
66057de6-78ee-47f8-b727-06a408b876a0,bicorn.miami,available,24.98,30.98,medium,low,6,namecheap,,,09/08/2026 19:30
9512f715-3669-4934-adeb-48823f71f67a,hawkish.miami,available,23.49,23.49,medium,low,7,namesilo,,,21/08/2026 01:38
98db10e3-aafc-4583-99a0-c7361cca9f74,fractions.miami,available,23.49,23.49,medium,low,9,namesilo,,,20/09/2026 01:27
c62dbfdf-6e3f-4943-b2e0-6ae3494a1209,capitol.miami,available,19.05,19.05,high,low,7,porkbun,,,29/09/2026 07:23
a4e7c7cc-308c-4d3b-bb9f-0915e91f3b21,congressman.miami,available,24.5,,high,low,11,unstoppable,,,28/09/2026 04:59
d6f73dd0-bb5e-489a-a0dd-ef8e3e1238cb,wendell.miami,premium,41.6,18.83,medium,low,7,spaceship,,,27/09/2026 20:17
7240ac18-a501-4302-9ea9-55b757f10a50,postmaster.miami,premium,40.5,,high,low,10,unstoppable,,,01/10/2026 21:21
1ac36fe9-955f-46ca-93f1-82b67ed071e5,turbid.miami,available,23.49,23.49,medium,low,6,namesilo,,,25/08/2026 01:10
72247d25-eec3-47a7-bdf0-93dc74eedb40,hitting.miami,premium,47.2,21.24,high,low,7,namesilo,,,25/09/2026 07:22
9e6b6a14-171b-4480-b552-ea40c8178a8a,hustle.miami,available,24.98,30.98,high,low,6,namecheap,,,17/09/2026 09:12
20f40e2e-3969-4896-af39-edde05b83920,katharine.miami,premium,41.6,18.83,high,low,9,spaceship,,,30/09/2026 04:44
ad80169a-56b4-4307-ae7b-970072eafdaa,monsoon.miami,premium,41.6,18.83,high,low,7,spaceship,,,30/09/2026 18:04
d5f8bf45-a46f-485f-999b-18f880e245e5,sampson.miami,premium,47.2,21.24,medium,low,7,namesilo,,,27/09/2026 01:42
daf3b243-984d-436c-8a68-0d287ebd0926,gras.miami,available,19.05,19.05,medium,low,4,porkbun,,,01/10/2026 16:24
2d5db4e4-afcb-4b9f-a0e7-ea7ad0851c20,kinshasa.miami,available,23.49,23.49,high,low,8,namesilo,,,01/10/2026 02:48
78898469-5442-4b03-b088-2f6cd94ed2e1,backs.miami,available,23.49,23.49,medium,low,5,namesilo,,,18/09/2026 06:41
e8e5e32f-ab40-450a-ba2e-c733d4a2d778,guinean.miami,available,24.98,30.98,high,low,7,namecheap,,,20/08/2026 20:52
4cce25da-631e-4aaf-a017-0cb905f1759b,soup.miami,premium,40.5,21.24,high,low,4,unstoppable,,,30/09/2026 11:33
b7780711-3dd3-4b87-a476-879029dbed9c,wing.miami,premium,47.2,21.24,high,low,4,namesilo,,,22/09/2026 15:49
c309f7c4-bcf8-4afc-892f-40cc662e3733,ruthful.miami,available,23.49,23.49,medium,low,7,namesilo,,,12/08/2026 23:40
c23324a1-2ede-4d6b-8c20-927d6444df3f,antagonism.miami,available,23.49,23.49,medium,low,10,namesilo,,,19/09/2026 12:27
05959f85-f449-44fe-8045-1940c1895ae2,aeschylus.miami,available,23.49,23.49,medium,low,9,namesilo,,,17/09/2026 13:19
0cb87f87-cbdc-483d-9190-9e29ed934317,dunes.miami,available,18.88,18.88,medium,low,5,spaceship,,,30/09/2026 15:48
a30f9495-de24-4bc5-a2fb-66f32afe060a,devoted.miami,available,23.49,23.49,high,low,7,namesilo,,,24/09/2026 08:04
daa8baf6-5490-4c9d-88f0-7759d32f5867,jefferson.miami,premium,47.2,21.24,high,low,9,namesilo,,,25/09/2026 23:16
8a011fca-6ba0-4e1b-bea5-1a8142a75a33,aleve.miami,available,23.49,23.49,medium,low,5,namesilo,,,17/09/2026 15:07
97274dcb-b370-480d-925e-74962a8b3b64,siege.miami,available,23.49,23.49,high,low,5,namesilo,,,23/09/2026 04:50
03ee1cb1-62f9-4525-9fce-9c8002f724af,atrophy.miami,available,23.49,23.49,high,low,7,namesilo,,,13/09/2026 12:50
822d224c-00d4-4ea5-bc6e-9083450989ff,aau.miami,premium,41.6,18.83,high,low,3,spaceship,,,30/09/2026 20:29
cb728725-6c36-4711-b8aa-1e34e611a5e5,rotation.miami,available,24.5,,high,low,8,unstoppable,,,29/09/2026 21:53
d9a2f9e7-1d22-459d-b11b-0781a29336fa,rollicking.miami,available,24.98,30.98,high,low,10,namecheap,,,12/08/2026 18:08
fefd0cf5-efac-4f6e-97c8-c396bb374f14,narrow.miami,available,23.49,23.49,high,low,6,namesilo,,,03/09/2026 13:22
d81f2949-42cb-4074-b0e9-14d580e1d309,belgian.miami,available,23.49,23.49,medium,low,7,namesilo,,,09/08/2026 12:51
8347e327-d9fe-4fc2-948b-6e87d578b6a4,keeper.miami,available,24.98,30.98,high,low,6,namecheap,,,24/09/2026 20:39
9e4df4b4-a2c1-4329-bfd2-1b6cf4628eff,agrimony.miami,available,24.98,30.98,medium,low,8,namecheap,,,17/09/2026 19:30
ffbf9174-70d0-45f1-821a-a45036475875,conveyed.miami,available,23.49,23.49,medium,low,8,namesilo,,,02/10/2026 01:56
70537b24-0a0e-4416-bd60-0595cd413ed8,determination.miami,available,24.98,30.98,high,low,13,namecheap,,,19/09/2026 18:25
b1b7352d-982a-4911-bf82-0b022ddd2160,refueling.miami,available,24.5,,high,low,9,unstoppable,,,01/10/2026 19:40
4d987993-e08d-4a72-a263-a49f131b7eef,thermal.miami,available,23.49,23.49,high,low,7,namesilo,,,23/09/2026 12:37
073fd857-2b3c-4f45-bd3e-c1d6499ec0f0,heavyweight.miami,available,18.88,18.88,high,low,11,spaceship,,,29/09/2026 03:05
9ea1bb84-8755-4454-a89d-3cf4d2e74ce0,energetic.miami,premium,47.2,21.24,high,low,9,namesilo,,,17/08/2026 05:58
be3802b3-7304-4864-85ad-7b56886ff149,dedham.miami,available,18.88,18.88,high,low,6,spaceship,,,29/09/2026 22:43
c90f6a00-1b49-4340-8e0f-f60673f94e0e,booklist.miami,available,23.49,23.49,high,low,8,namesilo,,,02/10/2026 03:01
e74b49e7-ff86-42da-a1eb-bb48f682ed53,philippine.miami,available,23.49,23.49,high,low,10,namesilo,,,18/08/2026 04:21
8447bbe2-d3cf-4336-99d0-91ac63fcbb58,rough.miami,available,23.49,23.49,high,low,5,namesilo,,,06/08/2026 09:39
fa15198f-1e76-4cca-ab6d-2901143b8309,persistence.miami,available,23.49,23.49,high,low,11,namesilo,,,
1a5438a6-c6ee-4a60-957a-3413d0fdd02d,motorised.miami,available,23.49,23.49,medium,low,9,namesilo,,,25/08/2026 08:28
f2746748-a93d-4942-b755-f134ffe483f2,amnesty.miami,available,23.49,23.49,high,low,7,namesilo,,,18/09/2026 22:23
ef57de8a-c7e4-4fab-9ac7-cbbfbc8828f7,causally.miami,available,23.49,23.49,medium,low,8,namesilo,,,14/09/2026 06:01
b8dfb142-1fae-4dfa-9bdb-309cd66473f3,alumina.miami,available,23.49,23.49,medium,low,7,namesilo,,,18/09/2026 15:12
1b0ac50c-0192-433e-80eb-c255f3812a89,sleek.miami,available,23.49,23.49,high,low,5,namesilo,,,18/08/2026 09:13
97f6817c-7f76-4227-83c2-39343d54ea68,blueness.miami,available,23.49,23.49,high,low,8,namesilo,,,10/08/2026 15:51
df79e2a5-1f80-4b20-9178-02e76e58d087,snore.miami,premium,80.5,21.24,high,low,5,unstoppable,,,30/09/2026 11:22
ea92e21b-bede-4481-aae9-b1dfbe76af13,maude.miami,premium,52,23.4,medium,low,5,namecheap,,,28/09/2026 12:05
e3b7b2a9-886e-45cd-99ca-690883dce537,assess.miami,available,23.49,23.49,high,low,6,namesilo,,,30/09/2026 15:16
f3550e1c-28c5-4ac9-af95-62100558429d,screening.miami,available,18.2,18.2,high,low,9,cloudflare,,,30/09/2026 03:58
11ad1167-a872-46b1-b5d0-b8aadb9da2b0,rummy.miami,available,23.49,23.49,high,low,5,namesilo,,,13/08/2026 11:16
beb127d9-fb90-4679-a163-f50a950b9f3f,gev.miami,premium,47.2,21.24,medium,low,3,namesilo,,,30/09/2026 12:48
f0850cc5-5ae3-496e-a33c-3f9a6a699258,audile.miami,available,23.49,23.49,medium,low,6,namesilo,,,07/08/2026 16:40
65059990-e129-4d96-9b13-2c61de292cec,tramp.miami,available,23.49,23.49,high,low,5,namesilo,,,10/09/2026 22:07
b0f7c904-eaa0-40be-96d8-fb5d23897a8a,hospitably.miami,available,23.49,23.49,high,low,10,namesilo,,,15/09/2026 01:10
581f747b-1c8a-4bb0-98e7-cee049d2d86e,usd.miami,premium,47.2,21.24,high,low,3,namesilo,,,28/09/2026 03:31
76b6e4bd-2423-44df-9de9-ab4bf0d42828,daedal.miami,available,30.99,30.99,medium,low,6,name.com,,,13/08/2026 15:30
3e04074f-540c-42b1-8868-cc6912a57b81,sealed.miami,available,18.2,18.2,high,low,6,cloudflare,,,27/09/2026 18:59